mode,gamma,seed,epoch,grad_norm_mean,nonfinite_steps,participation_ratio,val_mse
CI,0.0,42,1,0.9857740288689023,0,,1.1792529437018153
CI,0.0,42,2,0.8414029658786835,0,,1.0757418094203695
CI,0.0,42,3,0.9553061051974221,0,,1.0361491795835691
CI,0.0,42,4,1.0114730653308688,0,,1.026192489341755
CI,0.0,42,5,1.1353465867420984,0,,1.0233789194800593
CI,0.0,42,6,1.156686151784564,0,,1.0220342339921193
CI,0.0,42,7,1.184838350803133,0,,1.0227685977533887
CI,0.0,42,8,1.1670831233736068,0,,1.026242245275805
CI,0.0,42,9,1.1998051329264565,0,,1.02532129335204
CI,0.0,42,10,1.2680955377836076,0,,1.0275083994508953
CI,0.0,42,11,1.2591115491730827,0,,1.0234373158703098
CI,0.0,42,12,1.2380237323897225,0,,1.033913841735321
CI,0.0,42,13,1.1816303446179344,0,,1.0244059676132515
CI,0.0,42,14,1.1780638202788338,0,,1.02751008048677
CI,0.0,42,15,1.1752747637884957,0,,1.0247647102164208
CI,0.0,42,16,1.1340374322164626,0,,1.020290126878723
CI,0.0,42,17,1.1164117720392015,0,,1.0178009901212648
CI,0.0,42,18,1.0873877604802449,0,,1.020338293841743
CI,0.0,42,19,1.1142576677458627,0,,1.0146246131639798
CI,0.0,42,20,1.094628527997032,0,,1.016173914475005
CI,0.0,42,21,1.045669002192361,0,,1.019841184596043
CI,0.0,42,22,1.0446823608307612,0,,1.0117564420295357
CI,0.0,42,23,0.961993398174407,0,,1.0131543444077384
CI,0.0,42,24,0.9592479467391968,0,,1.0143189067311922
CI,0.0,42,25,0.9777465803282601,0,,1.0150562336165494
CI,0.0,42,26,0.9428597584603324,0,,1.014781051794618
CI,0.0,42,27,0.9575844028639415,0,,1.0155690041153396
CI,0.0,42,28,0.9521212776501974,0,,1.0166339659156576
CI,0.0,42,29,0.9069635442325047,0,,1.0162214813116275
CI,0.0,42,30,0.898877845870124,0,,1.0136691130546478
CI,0.0,42,31,0.8633371847016471,0,,1.012174205018017
CI,0.0,42,32,0.8636724409602937,0,,1.015612223445389
CI,0.0,123,1,0.9560360473299784,0,,1.148966988792694
CI,0.0,123,2,0.8404545377171229,0,,1.0501829444405164
CI,0.0,123,3,0.9544841997207157,0,,1.0131618118896168
CI,0.0,123,4,1.061308257163517,0,,1.000223935801315
CI,0.0,123,5,1.0395584314588517,0,,1.0015850667984325
CI,0.0,123,6,1.1178215723189096,0,,0.9986951854095961
CI,0.0,123,7,1.1366822426281278,0,,1.0021542014412637
CI,0.0,123,8,1.2189157832236517,0,,0.9983775855627484
CI,0.0,123,9,1.1771568778961423,0,,0.99889818157337
CI,0.0,123,10,1.2736403270373269,0,,1.0009234785922911
CI,0.0,123,11,1.1860618950828674,0,,0.9969589651845945
CI,0.0,123,12,1.2425544990433588,0,,0.9973340816909511
CI,0.0,123,13,1.1848500522356185,0,,0.9974261499458359
CI,0.0,123,14,1.1904821452640353,0,,0.9914655854516704
CI,0.0,123,15,1.2222084280044314,0,,0.9934159928338361
CI,0.0,123,16,1.1831392702602206,0,,0.9878741085667934
CI,0.0,123,17,1.155387332515111,0,,0.989993359465019
CI,0.0,123,18,1.0733759441072979,0,,0.9860457450711073
CI,0.0,123,19,1.1056721948442005,0,,0.9901394118172089
CI,0.0,123,20,1.0622114718906464,0,,0.9877456337803948
CI,0.0,123,21,1.035902812367394,0,,0.9848279147102547
CI,0.0,123,22,1.089334197460659,0,,0.9883648482891378
CI,0.0,123,23,1.0135577103448292,0,,0.9833298321413732
CI,0.0,123,24,0.9661760897863478,0,,0.9831447647537256
CI,0.0,123,25,0.9791662759251065,0,,0.9847532092031893
CI,0.0,123,26,0.939971457398127,0,,0.9882716923051575
CI,0.0,123,27,0.9629198861500573,0,,0.9832544003449745
CI,0.0,123,28,0.8968887281796288,0,,0.9832500801168741
CI,0.0,123,29,0.8911075601502071,0,,0.982168130647735
CI,0.0,123,30,0.9140082474738832,0,,0.9842620637135647
CI,0.0,123,31,0.8894655836953057,0,,0.9810797673277223
CI,0.0,123,32,0.844271064750732,0,,0.9816017170325474
CI,0.0,123,33,0.8710576258008442,0,,0.9825584549025744
CI,0.0,123,34,0.8392823461502318,0,,0.9828145076955844
CI,0.0,123,35,0.833115783948747,0,,0.9820003271234437
CI,0.0,123,36,0.8123319763985891,0,,0.9816552919527632
CI,0.0,123,37,0.7689887010861957,0,,0.9830688555840561
CI,0.0,123,38,0.7939825578341408,0,,0.9818179023378306
CI,0.0,123,39,0.7447625199953715,0,,0.9825223961715864
CI,0.0,123,40,0.7757100775128319,0,,0.9824888095521791
CI,0.0,123,41,0.7354180916907296,0,,0.9818804177774461
CI,0.0,456,1,1.0195078651110332,0,,1.1523392865599185
CI,0.0,456,2,0.8213724484519352,0,,1.053400075435888
CI,0.0,456,3,0.9400773587680998,0,,1.009894157753153
CI,0.0,456,4,1.0145063750327579,0,,0.9976058468841874
CI,0.0,456,5,1.1053998867670696,0,,0.9963239189323075
CI,0.0,456,6,1.0968226960727148,0,,0.9942412655149041
CI,0.0,456,7,1.2080740039310758,0,,0.9990717783632829
CI,0.0,456,8,1.2106581964190044,0,,1.0100834021569198
CI,0.0,456,9,1.2110959698283483,0,,0.9908766602769572
CI,0.0,456,10,1.1787004877650549,0,,0.9921158496818675
CI,0.0,456,11,1.271325136934008,0,,0.9938280375724953
CI,0.0,456,12,1.2248760017137679,0,,0.9963604277580936
CI,0.0,456,13,1.1196673862517825,0,,0.9999989190905226
CI,0.0,456,14,1.216484855091761,0,,0.992451709056322
CI,0.0,456,15,1.120634238871317,0,,0.9870905139820721
CI,0.0,456,16,1.080080901819562,0,,0.991131587832972
CI,0.0,456,17,1.0978360847821311,0,,0.9833090527648587
CI,0.0,456,18,1.1194507517511882,0,,0.9819096125627623
CI,0.0,456,19,1.0611479537827628,0,,0.9869413416545768
CI,0.0,456,20,1.0220945742395189,0,,0.9831964710985673
CI,0.0,456,21,1.0692214369773865,0,,0.9885707325611998
CI,0.0,456,22,0.9997730576802814,0,,0.9906058907479713
CI,0.0,456,23,1.0324084673609053,0,,0.9809112613827611
CI,0.0,456,24,0.9996345497313,0,,0.9917845662711943
CI,0.0,456,25,0.9683178351038978,0,,0.9848378577135228
CI,0.0,456,26,0.9316605007837689,0,,0.994413883689612
CI,0.0,456,27,0.9362078356364417,0,,0.9824947630788273
CI,0.0,456,28,0.8922211177765377,0,,0.979963927766168
CI,0.0,456,29,0.8547590497940306,0,,0.983125932378194
CI,0.0,456,30,0.8626012423681835,0,,0.9857731035569383
CI,0.0,456,31,0.885814630796039,0,,0.9857784740062343
CI,0.0,456,32,0.8367738033097888,0,,0.9814292557090569
CI,0.0,456,33,0.8674709654989696,0,,0.9950550812374738
CI,0.0,456,34,0.8157040297038971,0,,0.9850106429688755
CI,0.0,456,35,0.7908628526188078,0,,0.986261152939921
CI,0.0,456,36,0.8497127010708764,0,,0.9857367890902695
CI,0.0,456,37,0.7904994733749874,0,,0.9833299889925907
CI,0.0,456,38,0.7843630124652197,0,,0.9834152376293218
CI,0.0,789,1,1.0358367704209828,0,,1.2603853271114411
CI,0.0,789,2,0.819262875450982,0,,1.159625209744176
CI,0.0,789,3,0.9131208298698305,0,,1.1160969373531326
CI,0.0,789,4,1.0410080126353674,0,,1.1049259015753428
CI,0.0,789,5,1.0493685499070182,0,,1.1042650191996801
CI,0.0,789,6,1.143302095314813,0,,1.1035566859209038
CI,0.0,789,7,1.1630268040157499,0,,1.1029195392262254
CI,0.0,789,8,1.1618566730665782,0,,1.102442718344533
CI,0.0,789,9,1.2128337905520485,0,,1.1092432108791785
CI,0.0,789,10,1.2209920807490273,0,,1.103920342058953
CI,0.0,789,11,1.2120477377422272,0,,1.106315797721833
CI,0.0,789,12,1.210163999171484,0,,1.104624310782111
CI,0.0,789,13,1.1978398684471372,0,,1.1028601130736335
CI,0.0,789,14,1.1431095041925945,0,,1.099067955285346
CI,0.0,789,15,1.1014863394555592,0,,1.0977531840524375
CI,0.0,789,16,1.147791123579419,0,,1.1010404104930027
CI,0.0,789,17,1.073736356364356,0,,1.0941327817571613
CI,0.0,789,18,1.121285947542342,0,,1.0954648782299894
CI,0.0,789,19,1.0392287846595523,0,,1.0958689883429267
CI,0.0,789,20,1.0441878542067513,0,,1.0927830327027424
CI,0.0,789,21,1.0234044506436302,0,,1.095161797350191
CI,0.0,789,22,1.0871684532316903,0,,1.0932503368073014
CI,0.0,789,23,1.0193868383528695,0,,1.0933990999577075
CI,0.0,789,24,1.0196305825596763,0,,1.092464512207444
CI,0.0,789,25,0.965875336102077,0,,1.0928339547914965
CI,0.0,789,26,0.9619097870493692,0,,1.0923851523109886
CI,0.0,789,27,0.9299593331321837,0,,1.091162766445209
CI,0.0,789,28,0.9159729149606493,0,,1.0941893027524197
CI,0.0,789,29,0.9175043247994923,0,,1.0941549318769248
CI,0.0,789,30,0.8946920784692916,0,,1.0935130830555293
CI,0.0,789,31,0.8677052174295697,0,,1.0941863600871864
CI,0.0,789,32,0.8328689639530484,0,,1.094782974381368
CI,0.0,789,33,0.8788195980919732,0,,1.0929071054256227
CI,0.0,789,34,0.8541086344491868,0,,1.093811028762858
CI,0.0,789,35,0.8357531721629794,0,,1.0933358309502859
CI,0.0,789,36,0.7771025905533443,0,,1.0939976066959267
CI,0.0,789,37,0.7707293260665167,0,,1.0931273552233256
CI,0.0,1011,1,1.056141341489459,0,,1.074733290189701
CI,0.0,1011,2,0.8330696518459018,0,,0.9803865122246839
CI,0.0,1011,3,0.9307918207986015,0,,0.9469031350166551
CI,0.0,1011,4,1.0347593341554915,0,,0.9404100469997172
CI,0.0,1011,5,1.0538313313136025,0,,0.9361622227852499
CI,0.0,1011,6,1.1145529188807048,0,,0.9333770293546917
CI,0.0,1011,7,1.1067507333225675,0,,0.9356108702967548
CI,0.0,1011,8,1.1910448821764144,0,,0.9361627035683298
CI,0.0,1011,9,1.2669688529438443,0,,0.9400682852457507
CI,0.0,1011,10,1.21597473205082,0,,0.935853485032193
CI,0.0,1011,11,1.114157103356861,0,,0.9333166893732673
CI,0.0,1011,12,1.184479758853004,0,,0.9363880578502207
CI,0.0,1011,13,1.1958950568759252,0,,0.931439084824702
CI,0.0,1011,14,1.0457673981076194,0,,0.9330937901539117
CI,0.0,1011,15,1.0926709799539476,0,,0.9306604515121876
CI,0.0,1011,16,1.1318283970393832,0,,0.9298536736355526
CI,0.0,1011,17,1.091168763145568,0,,0.9266548840032053
CI,0.0,1011,18,1.0746541269241818,0,,0.9285345037489351
CI,0.0,1011,19,1.039243859904153,0,,0.9270227648947007
CI,0.0,1011,20,1.0060452781026326,0,,0.9259939709392611
CI,0.0,1011,21,0.9869382088146512,0,,0.9270652067882806
CI,0.0,1011,22,1.006651470585475,0,,0.9277606066612284
CI,0.0,1011,23,0.9887561419653514,0,,0.9268381339626149
CI,0.0,1011,24,0.9473525030272347,0,,0.9281553432090134
CI,0.0,1011,25,0.9296010600195991,0,,0.9264078399257764
CI,0.0,1011,26,0.9276853241617717,0,,0.9287427135107874
CI,0.0,1011,27,0.9003436537016005,0,,0.927683057373393
CI,0.0,1011,28,0.8620296234176272,0,,0.9260180646501983
CI,0.0,1011,29,0.8833206901474605,0,,0.9281907267978041
CI,0.0,1011,30,0.8628087952023461,0,,0.9272072457951871
CD,0.0,42,1,3.0826588637793244,0,,1.030800083124624
CD,0.0,42,2,3.289159556051985,0,,1.0229061092264584
CD,0.0,42,3,3.342716733021523,0,,1.023508449948676
CD,0.0,42,4,3.2597525017771556,0,,1.0312277650612358
CD,0.0,42,5,3.133602649536892,0,,1.0191884690860673
CD,0.0,42,6,2.987497528948157,1,,1.0143619682243763
CD,0.0,42,7,2.8014510942335744,0,,1.0122097436998423
CD,0.0,42,8,2.6182328758249245,1,,1.019152780905425
CD,0.0,42,9,2.370373423894246,0,,1.0173879241447872
CD,0.0,42,10,2.0993130357854395,1,,1.0214433485234957
CD,0.0,42,11,1.7916892005436456,0,,1.0185923413290185
CD,0.0,42,12,1.4889975160508606,0,,1.034092955116816
CD,0.0,42,13,1.1992454879074932,1,,1.0414683797955366
CD,0.0,42,14,0.9661014541464659,0,,1.0385158016078644
CD,0.0,42,15,0.8123688892539279,1,,1.0472943235621948
CD,0.0,42,16,0.7248382407634413,0,,1.0500000203576259
CD,0.0,42,17,0.6837663027751019,1,,1.0538205188539733
CD,0.0,123,1,3.106158758989021,0,,1.007447513050763
CD,0.0,123,2,3.322557300596095,0,,1.0059752674577094
CD,0.0,123,3,3.3185136892309237,0,,0.9979431188519693
CD,0.0,123,4,3.2766732182668807,0,,0.9921321268850004
CD,0.0,123,5,3.18449068757432,0,,0.9925347214709986
CD,0.0,123,6,3.0721061026670067,1,,0.9848202178920767
CD,0.0,123,7,2.893645451673821,0,,0.983545033770016
CD,0.0,123,8,2.7155349036136944,1,,0.9864553305382481
CD,0.0,123,9,2.474464457229789,1,,0.991079508859932
CD,0.0,123,10,2.205984678315879,0,,0.993457479474731
CD,0.0,123,11,1.88901326454694,0,,1.0052998252239276
CD,0.0,123,12,1.595321239167778,0,,1.01043706305236
CD,0.0,123,13,1.3178933832775894,0,,1.0269899259665067
CD,0.0,123,14,1.068440609125502,1,,1.0490550464887487
CD,0.0,123,15,0.9001750750328178,0,,1.0417813123063757
CD,0.0,123,16,0.7901029449060144,1,,1.0710555430839657
CD,0.0,123,17,0.7721141751009629,1,,1.076478225247364
CD,0.0,456,1,3.0744434283147406,0,,0.9967293936881321
CD,0.0,456,2,3.2888530202172883,0,,0.9895269307223838
CD,0.0,456,3,3.357191683403888,0,,0.9878767777014049
CD,0.0,456,4,3.2763828023749206,0,,0.9975079259850526
CD,0.0,456,5,3.196191244694724,0,,1.0086504918816248
CD,0.0,456,6,3.0705783470455867,1,,0.9914902189247289
CD,0.0,456,7,2.9327270994138956,0,,0.9838016746751744
CD,0.0,456,8,2.7797732129989865,1,,0.9891758459643403
CD,0.0,456,9,2.5533258344403547,0,,0.9867924606526446
CD,0.0,456,10,2.329792775206305,0,,1.000569310354555
CD,0.0,456,11,2.0323781697636107,1,,0.9867228218554761
CD,0.0,456,12,1.768032277401407,0,,0.9928305132711952
CD,0.0,456,13,1.5088003108582173,1,,1.0004406869217919
CD,0.0,456,14,1.2776011165694812,0,,1.0115424040515189
CD,0.0,456,15,1.073052553304163,1,,1.0133676766085549
CD,0.0,456,16,0.9343706735331028,0,,1.0199646155821993
CD,0.0,456,17,0.8258248800068946,0,,1.0208508022913778
CD,0.0,789,1,3.0540434789894824,0,,1.1084813025203515
CD,0.0,789,2,3.276178598166698,0,,1.1009881527180994
CD,0.0,789,3,3.3079679045511123,0,,1.102852431306566
CD,0.0,789,4,3.230920371012901,0,,1.1023022627677164
CD,0.0,789,5,3.1468469778696697,0,,1.0962306494229963
CD,0.0,789,6,2.9601861515130654,1,,1.092388633353108
CD,0.0,789,7,2.753231142053557,0,,1.0889260265793697
CD,0.0,789,8,2.535370287192295,1,,1.0961732182218273
CD,0.0,789,9,2.2967940580785573,0,,1.1028306809869168
CD,0.0,789,10,1.9934316306000213,1,,1.096138160589473
CD,0.0,789,11,1.6655574804514794,0,,1.1037564970033302
CD,0.0,789,12,1.3572414578489995,0,,1.104728265311768
CD,0.0,789,13,1.0519609077280736,1,,1.1082291207130959
CD,0.0,789,14,0.8301729683852315,0,,1.119081306469507
CD,0.0,789,15,0.7128736518056269,1,,1.1175461662021346
CD,0.0,789,16,0.6584529158487842,0,,1.134835869517784
CD,0.0,789,17,0.6675541881486714,1,,1.1462956986491142
CD,0.0,1011,1,3.1007023557501645,0,,0.9368899579842302
CD,0.0,1011,2,3.295924089915717,0,,0.9320010505570618
CD,0.0,1011,3,3.3534552806645483,0,,0.938239682210977
CD,0.0,1011,4,3.2849497745286174,0,,0.9323507256254435
CD,0.0,1011,5,3.1737122906974298,0,,0.9358164621776884
CD,0.0,1011,6,3.0275689612821752,1,,0.9330308170806233
CD,0.0,1011,7,2.846384371572466,0,,0.9270356839953147
CD,0.0,1011,8,2.6504160476870746,1,,0.9325147792122026
CD,0.0,1011,9,2.416297697190622,0,,0.9318671481271477
CD,0.0,1011,10,2.137006817823387,1,,0.9343660578502855
CD,0.0,1011,11,1.795977973819372,0,,0.9469222864757267
CD,0.0,1011,12,1.485569491967633,0,,0.9488002101877495
CD,0.0,1011,13,1.178766818516758,1,,0.9587704171791354
CD,0.0,1011,14,0.940289541782136,1,,0.9651159686445653
CD,0.0,1011,15,0.796364535235647,0,,0.9648209393629236
CD,0.0,1011,16,0.7072443471026065,0,,0.976450067166547
CD,0.0,1011,17,0.6767348247974073,0,,0.9707537505419209
CD_Block,0.0,42,1,3.07776797304106,0,,1.0307889046249872
CD_Block,0.0,42,2,3.28889058668222,0,,1.0229169330793122
CD_Block,0.0,42,3,3.3409409131576764,0,,1.0236227200032428
CD_Block,0.0,42,4,3.258876315159584,0,,1.0311157110895384
CD_Block,0.0,42,5,3.133876445874646,0,,1.0192754967640452
CD_Block,0.0,42,6,2.9870526770434056,1,,1.014352010223276
CD_Block,0.0,42,7,2.801550555347803,0,,1.0120627891068428
CD_Block,0.0,42,8,2.620705003519932,1,,1.0187434042624512
CD_Block,0.0,42,9,2.3738934361519504,0,,1.017033045494641
CD_Block,0.0,42,10,2.101278919385249,1,,1.0205292737317733
CD_Block,0.0,42,11,1.7927832440950384,0,,1.017536476393174
CD_Block,0.0,42,12,1.483192662753869,0,,1.0268705759890324
CD_Block,0.0,42,13,1.1808129081678627,0,,1.0266875755850247
CD_Block,0.0,42,14,0.9126531140381596,1,,1.0276500781901614
CD_Block,0.0,42,15,0.7096052432238166,0,,1.0282487988939002
CD_Block,0.0,42,16,0.5765227896580658,1,,1.0295923288028717
CD_Block,0.0,42,17,0.49146643702070514,0,,1.0364365940689246
CD_Block,0.0,123,1,3.10229016251825,0,,1.007565184762832
CD_Block,0.0,123,2,3.321598577262157,0,,1.0059558576256826
CD_Block,0.0,123,3,3.318422812015856,0,,0.998163135610533
CD_Block,0.0,123,4,3.277076277329554,0,,0.9921692538185991
CD_Block,0.0,123,5,3.185545446149152,0,,0.9931370672280123
CD_Block,0.0,123,6,3.0716580455284195,1,,0.9848113690645743
CD_Block,0.0,123,7,2.8924715268671215,0,,0.9837739001552561
CD_Block,0.0,123,8,2.7125192506617286,1,,0.9874351149615169
CD_Block,0.0,123,9,2.4675022223556184,1,,0.9913202676469451
CD_Block,0.0,123,10,2.1941839536031087,0,,0.9934743027001814
CD_Block,0.0,123,11,1.8742894341103473,0,,0.9937376633533824
CD_Block,0.0,123,12,1.5692582996923532,0,,0.9919813802379986
CD_Block,0.0,123,13,1.2584270528299892,0,,1.0038079721364774
CD_Block,0.0,123,14,0.9840886088153024,0,,1.0036579376334291
CD_Block,0.0,123,15,0.7793711567245631,1,,1.0022192155250367
CD_Block,0.0,123,16,0.6360861139807535,0,,1.003408094848644
CD_Block,0.0,123,17,0.5514286243286266,1,,1.0094796102945487
CD_Block,0.0,456,1,3.0711860903459995,0,,0.9965090591513458
CD_Block,0.0,456,2,3.28700774902135,0,,0.9892059160050239
CD_Block,0.0,456,3,3.355452580712921,0,,0.9872317325036695
CD_Block,0.0,456,4,3.2741951574733603,0,,0.9967377155669364
CD_Block,0.0,456,5,3.193716869069569,0,,1.006244024639918
CD_Block,0.0,456,6,3.0655085558435355,1,,0.9853430261228935
CD_Block,0.0,456,7,2.9219996540107536,0,,0.9824605927693679
CD_Block,0.0,456,8,2.7607532015359735,1,,0.9898993943173612
CD_Block,0.0,456,9,2.535133144511512,0,,0.9837870759771987
CD_Block,0.0,456,10,2.3161491153252065,0,,0.9833733920261042
CD_Block,0.0,456,11,2.032125824832346,1,,0.9857946853307903
CD_Block,0.0,456,12,1.7772237323409883,0,,0.9856819533931473
CD_Block,0.0,456,13,1.5267647823291037,0,,0.9873301290978097
CD_Block,0.0,456,14,1.2759475611832987,1,,0.990484425170439
CD_Block,0.0,456,15,1.0485918972029615,0,,0.994475145864557
CD_Block,0.0,456,16,0.8689555553088625,1,,0.9987561894779774
CD_Block,0.0,456,17,0.7294251339945627,0,,1.0081643568134082
CD_Block,0.0,789,1,3.0479372653202037,0,,1.1084100384163753
CD_Block,0.0,789,2,3.274803262919336,0,,1.1008276312673178
CD_Block,0.0,789,3,3.3057202251396367,0,,1.1027116288349543
CD_Block,0.0,789,4,3.2304706884260797,0,,1.102212178169262
CD_Block,0.0,789,5,3.1452720579223254,0,,1.0959003740371314
CD_Block,0.0,789,6,2.9564999024944,1,,1.0922145582309157
CD_Block,0.0,789,7,2.7495295422587227,0,,1.0888792591831409
CD_Block,0.0,789,8,2.5331573482766094,1,,1.0954590863496028
CD_Block,0.0,789,9,2.2872731064089495,0,,1.099627203879376
CD_Block,0.0,789,10,1.9805224041539835,1,,1.0954060737814932
CD_Block,0.0,789,11,1.63896339995351,0,,1.102504393106376
CD_Block,0.0,789,12,1.3334466540398289,0,,1.1033520886919335
CD_Block,0.0,789,13,1.021502840934108,0,,1.102931910333226
CD_Block,0.0,789,14,0.780644379800825,0,,1.1123989920035784
CD_Block,0.0,789,15,0.6194315861728589,2,,1.1076086182555307
CD_Block,0.0,789,16,0.5104833073283902,0,,1.1137827913581608
CD_Block,0.0,789,17,0.4517677155003619,0,,1.1155646307794627
CD_Block,0.0,1011,1,3.096315612128718,0,,0.936786784567243
CD_Block,0.0,1011,2,3.293388076089508,0,,0.9318728969853339
CD_Block,0.0,1011,3,3.3522232148184705,0,,0.9381022426902065
CD_Block,0.0,1011,4,3.2838724015364007,0,,0.932304824054329
CD_Block,0.0,1011,5,3.1727866937865072,0,,0.9360065417715661
CD_Block,0.0,1011,6,3.0258056401494016,1,,0.932748989514162
CD_Block,0.0,1011,7,2.8473619332954065,0,,0.9260470691255455
CD_Block,0.0,1011,8,2.651058346864237,1,,0.9304302630800344
CD_Block,0.0,1011,9,2.4133972490604836,0,,0.9283225618178523
CD_Block,0.0,1011,10,2.135236753054349,1,,0.9280575193562416
CD_Block,0.0,1011,11,1.7927131770262077,0,,0.9362463615824047
CD_Block,0.0,1011,12,1.4770602276669214,0,,0.9397237595218577
CD_Block,0.0,1011,13,1.1638729328539834,0,,0.9369060545473995
CD_Block,0.0,1011,14,0.8963230655962727,1,,0.9392336066063441
CD_Block,0.0,1011,15,0.7036420366657314,0,,0.9447725861689187
CD_Block,0.0,1011,16,0.5667954956689679,1,,0.9459960858168661
CD_Block,0.0,1011,17,0.4809126277764638,0,,0.9499978295712773
CI,0.3,42,1,1.0314295793336534,0,,1.184785999973158
CI,0.3,42,2,0.8589310277075994,0,,1.0869123746445069
CI,0.3,42,3,0.972173101372189,0,,1.0501372427694589
CI,0.3,42,4,1.0109683842886061,0,,1.0419410846913648
CI,0.3,42,5,1.1524760704191903,0,,1.040276664816095
CI,0.3,42,6,1.177580920476762,0,,1.0390871017724896
CI,0.3,42,7,1.2064913274749878,0,,1.0415644542297782
CI,0.3,42,8,1.1508023284730458,0,,1.0506130236593831
CI,0.3,42,9,1.1858525824925257,0,,1.0454156392229956
CI,0.3,42,10,1.2842081387837727,0,,1.0466755227591935
CI,0.3,42,11,1.2572185803973486,0,,1.043008931190162
CI,0.3,42,12,1.2278630326664637,0,,1.0511904918755979
CI,0.3,42,13,1.1630663729849315,0,,1.0380160841512511
CI,0.3,42,14,1.1529834043411982,0,,1.0400496329081383
CI,0.3,42,15,1.1468643669098142,0,,1.0384794942538442
CI,0.3,42,16,1.1180000598468478,0,,1.0328176835917586
CI,0.3,42,17,1.0990618098349798,0,,1.030751608666087
CI,0.3,42,18,1.048102719443185,0,,1.0346765069119286
CI,0.3,42,19,1.1126724585654244,0,,1.028433767077415
CI,0.3,42,20,1.0753490962679424,0,,1.0326643376579532
CI,0.3,42,21,1.0340733897118342,0,,1.0367330889291302
CI,0.3,42,22,1.0341096435274397,0,,1.0299494135728515
CI,0.3,42,23,0.9515559332711356,0,,1.031022828289871
CI,0.3,42,24,0.9564095726088871,0,,1.0342749336969446
CI,0.3,42,25,0.9537214807101658,0,,1.035892949480487
CI,0.3,42,26,0.9300913517437284,0,,1.034937500518291
CI,0.3,42,27,0.962784330996256,0,,1.038202188120858
CI,0.3,42,28,0.9436107287331233,0,,1.037997316562092
CI,0.3,42,29,0.9079365607291933,0,,1.0386069836054197
CI,0.3,123,1,0.997179162880731,0,,1.1297975229455601
CI,0.3,123,2,0.8498951915710692,0,,1.0360983802479418
CI,0.3,123,3,0.9619677937220014,0,,1.0041320305080255
CI,0.3,123,4,1.0666786772864205,0,,0.9923624232056439
CI,0.3,123,5,1.0234230841909135,0,,0.9946857034397936
CI,0.3,123,6,1.1001413559156752,0,,0.9916714594943051
CI,0.3,123,7,1.1173965713334462,0,,0.9933938768121635
CI,0.3,123,8,1.2068043710693481,0,,0.988562354660298
CI,0.3,123,9,1.1624290820152041,0,,0.9873157659696907
CI,0.3,123,10,1.2653443548414443,0,,0.986768859872232
CI,0.3,123,11,1.1749456714070032,0,,0.9806271901885663
CI,0.3,123,12,1.2310734476361955,0,,0.9789319490490507
CI,0.3,123,13,1.1683987029015073,0,,0.978837009734923
CI,0.3,123,14,1.2034948449286202,0,,0.9741032570387188
CI,0.3,123,15,1.2052691910001967,0,,0.9754092411936361
CI,0.3,123,16,1.1579902928973,0,,0.9698302411547916
CI,0.3,123,17,1.1607690548139906,0,,0.9717439760403355
CI,0.3,123,18,1.0663642315637498,0,,0.9674376292726817
CI,0.3,123,19,1.0780065693552532,0,,0.9720170983375844
CI,0.3,123,20,1.0242468165972876,0,,0.9699755058410848
CI,0.3,123,21,1.0164488686455622,0,,0.9700440123152484
CI,0.3,123,22,1.0753513006936937,0,,0.9738949279335488
CI,0.3,123,23,0.9957235323058234,0,,0.9719473916106258
CI,0.3,123,24,0.9479544739874582,0,,0.9704533053379825
CI,0.3,123,25,0.9675348694362338,0,,0.9732040153693462
CI,0.3,123,26,0.9246731097736056,0,,0.977845048537132
CI,0.3,123,27,0.9374099118368966,0,,0.9731308613254108
CI,0.3,123,28,0.8759346850334652,0,,0.9744035862025922
CI,0.3,456,1,1.0648651369034299,0,,1.1236146320799638
CI,0.3,456,2,0.8452099561691284,0,,1.029583929777137
CI,0.3,456,3,0.9653231548884559,0,,0.989526900993111
CI,0.3,456,4,1.0103455337267073,0,,0.9794744633124184
CI,0.3,456,5,1.0949042675987122,0,,0.9799603406470192
CI,0.3,456,6,1.0934180030747065,0,,0.9784139444933274
CI,0.3,456,7,1.1997066774065532,0,,0.9865643463434189
CI,0.3,456,8,1.2074705144715687,0,,1.0031244728435167
CI,0.3,456,9,1.2379653018618386,0,,0.9760653907543
CI,0.3,456,10,1.1634987289943393,0,,0.9698010906969934
CI,0.3,456,11,1.271977765219552,0,,0.9716440004382014
CI,0.3,456,12,1.2114232674477592,0,,0.9723354210639564
CI,0.3,456,13,1.0934405799895999,0,,0.9786325575826734
CI,0.3,456,14,1.1908159643884688,0,,0.9681823077064086
CI,0.3,456,15,1.1116391013539026,0,,0.960784795110301
CI,0.3,456,16,1.0649147374289376,0,,0.9688558336541282
CI,0.3,456,17,1.1117021526609148,0,,0.9686658356825554
CI,0.3,456,18,1.1206612236916074,0,,0.95041272874636
CI,0.3,456,19,1.0472371786359758,0,,0.9662651937000695
CI,0.3,456,20,1.0309855114846003,0,,0.961232980415366
CI,0.3,456,21,1.0902659779503232,0,,0.9747096165672421
CI,0.3,456,22,0.9903796807168022,0,,0.9758809166734317
CI,0.3,456,23,1.1142738177662803,0,,0.9615026622152564
CI,0.3,456,24,1.0040286580721538,0,,0.9823786454405233
CI,0.3,456,25,0.9736296373700338,0,,0.972877747787825
CI,0.3,456,26,0.9381605282662406,0,,0.9726747175259604
CI,0.3,456,27,0.9366192931220645,0,,0.9619114812745289
CI,0.3,456,28,0.9115097134832352,0,,0.9567957719949598
CI,0.3,789,1,1.0819437683574737,0,,1.2658998306115965
CI,0.3,789,2,0.8400148219532437,0,,1.1701932958025196
CI,0.3,789,3,0.912725357782273,0,,1.1310834812917687
CI,0.3,789,4,1.040469865950327,0,,1.1218894118990443
CI,0.3,789,5,1.0218502387167916,0,,1.1235901769292644
CI,0.3,789,6,1.1367237530057392,0,,1.1240906721153778
CI,0.3,789,7,1.1599424746301439,0,,1.1246463039142645
CI,0.3,789,8,1.1635697436711145,0,,1.1227802824871334
CI,0.3,789,9,1.1875590048139057,0,,1.1309925860112064
CI,0.3,789,10,1.2033177708822584,0,,1.1224709787057696
CI,0.3,789,11,1.17859300072231,0,,1.1226745681763228
CI,0.3,789,12,1.1787306004100375,0,,1.1211793600764932
CI,0.3,789,13,1.1584461955797105,0,,1.1182472072845306
CI,0.3,789,14,1.1324412671346513,0,,1.1136427579583308
CI,0.3,789,15,1.076032557184734,0,,1.1121867865315487
CI,0.3,789,16,1.1089508410484072,0,,1.1166914921226319
CI,0.3,789,17,1.025455805990431,0,,1.1098028082860216
CI,0.3,789,18,1.098876971101004,0,,1.1143027026364971
CI,0.3,789,19,1.0012154020960369,0,,1.1161667463743636
CI,0.3,789,20,1.0227556115105039,0,,1.1125625577212481
CI,0.3,789,21,0.9912745214643932,0,,1.1154176045005553
CI,0.3,789,22,1.0662900900083876,0,,1.1147095712849775
CI,0.3,789,23,1.0018479587539795,0,,1.1151907669517158
CI,0.3,789,24,0.9886017091690548,0,,1.1132423406686238
CI,0.3,789,25,0.9315751346330794,0,,1.114491640157447
CI,0.3,789,26,0.9498254855473837,0,,1.1145631745420708
CI,0.3,789,27,0.9237547289757502,0,,1.1135415002679838
CI,0.3,1011,1,1.0980517107342918,0,,1.0312959778655926
CI,0.3,1011,2,0.8497070121386695,0,,0.9417058255960674
CI,0.3,1011,3,0.9372094519554622,0,,0.9122976851160797
CI,0.3,1011,4,1.0526534025631253,0,,0.9061720892724023
CI,0.3,1011,5,1.0486792751720972,0,,0.9032471550462555
CI,0.3,1011,6,1.1253109299947346,0,,0.9009351646899594
CI,0.3,1011,7,1.11245207086442,0,,0.9035975026994777
CI,0.3,1011,8,1.1975049480559334,0,,0.9033234733930142
CI,0.3,1011,9,1.283168665946476,0,,0.9056137875930087
CI,0.3,1011,10,1.197728069055648,0,,0.8977796080268979
CI,0.3,1011,11,1.0580534149730016,0,,0.8921844795911197
CI,0.3,1011,12,1.1585932922741724,0,,0.8970866598066763
CI,0.3,1011,13,1.195087608836946,0,,0.8880227087283257
CI,0.3,1011,14,1.020304364817483,0,,0.8907155815781272
CI,0.3,1011,15,1.0835838781462774,0,,0.8876252545627065
CI,0.3,1011,16,1.1113639672597249,0,,0.8896321011047127
CI,0.3,1011,17,1.0816068119472928,0,,0.8867305854473059
CI,0.3,1011,18,1.0795725527263822,0,,0.8901605874135382
CI,0.3,1011,19,1.0230439664825561,0,,0.8890009147563007
CI,0.3,1011,20,0.9905793345163739,0,,0.8885416884894448
CI,0.3,1011,21,0.9635185381722828,0,,0.891506295844201
CI,0.3,1011,22,0.9799949980917431,0,,0.892811731019857
CI,0.3,1011,23,0.9786318162130931,0,,0.8904004197447695
CI,0.3,1011,24,0.9326396234451778,0,,0.8953998238465353
CI,0.3,1011,25,0.922548876868354,0,,0.8924370134611624
CI,0.3,1011,26,0.9075428938108777,0,,0.8959688766539483
CI,0.3,1011,27,0.8996168602080572,0,,0.8951215322787257
CD,0.3,42,1,3.1806117914209318,0,,1.044299437395866
CD,0.3,42,2,3.369902880037602,0,,1.0393697286727883
CD,0.3,42,3,3.393306907848339,0,,1.0441622023304447
CD,0.3,42,4,3.2815627972284953,0,,1.0496519044244446
CD,0.3,42,5,3.1581009816174483,0,,1.0326975620650636
CD,0.3,42,6,3.0186204055390986,1,,1.0303245849558227
CD,0.3,42,7,2.820449411928357,0,,1.0287315143231996
CD,0.3,42,8,2.63557384367958,1,,1.0430945241909706
CD,0.3,42,9,2.362844389232237,0,,1.035057025008728
CD,0.3,42,10,2.0835273944999115,1,,1.047140605799365
CD,0.3,42,11,1.80153989388575,0,,1.059208337637578
CD,0.3,42,12,1.5813360617930197,1,,1.0884410472499562
CD,0.3,42,13,1.4112938836038824,1,,1.1162453460165904
CD,0.3,42,14,1.3165174857893986,0,,1.1481686826399888
CD,0.3,42,15,1.2168658433268913,0,,1.1396334957432643
CD,0.3,42,16,1.1816413106016852,0,,1.139364148424333
CD,0.3,42,17,1.1732234254301306,1,,1.1328273571774872
CD,0.3,123,1,3.1754755636945884,0,,0.9996326437928763
CD,0.3,123,2,3.3691076543200666,0,,0.9956266691580181
CD,0.3,123,3,3.3279122343110803,0,,0.9850197021656144
CD,0.3,123,4,3.2953863336079157,0,,0.9756068589163739
CD,0.3,123,5,3.210105615468761,0,,0.9729859891134701
CD,0.3,123,6,3.1126990689936864,1,,0.9678750024993901
CD,0.3,123,7,2.9462844480922565,0,,0.9731924692496683
CD,0.3,123,8,2.7876670881808994,1,,0.9824551718921922
CD,0.3,123,9,2.582861197291322,0,,1.019445195476205
CD,0.3,123,10,2.3493753222830267,1,,1.0369776635056134
CD,0.3,123,11,2.1052354245636593,0,,1.0509264038674981
CD,0.3,123,12,1.8915257478852672,1,,1.0535148288308918
CD,0.3,123,13,1.748348288749581,0,,1.0905750499945355
CD,0.3,123,14,1.6073212947740974,1,,1.0856959240309303
CD,0.3,123,15,1.4951054347095205,0,,1.0859977210110545
CD,0.3,123,16,1.3883214046706014,0,,1.1062877037720658
CD,0.3,456,1,3.163478869822488,0,,0.9770000903889239
CD,0.3,456,2,3.3581950978853214,0,,0.9735028790612121
CD,0.3,456,3,3.3961051860258946,0,,0.9686762719892961
CD,0.3,456,4,3.3048820465951416,0,,0.9733967257907613
CD,0.3,456,5,3.2418064403296705,0,,0.9999064811910225
CD,0.3,456,6,3.1312473213292686,1,,0.9992042975029164
CD,0.3,456,7,2.982778324416621,0,,0.9654409037366332
CD,0.3,456,8,2.806810070319005,1,,0.9744427533475016
CD,0.3,456,9,2.578136283841299,0,,0.97708246711396
CD,0.3,456,10,2.324919787805472,0,,0.9851836028437477
CD,0.3,456,11,2.0354239547632607,1,,0.9806293561099475
CD,0.3,456,12,1.8064684597413931,0,,0.9884847790529986
CD,0.3,456,13,1.5716232987514056,1,,1.0245408185827891
CD,0.3,456,14,1.3861402337823934,0,,1.056498388810228
CD,0.3,456,15,1.230915771181365,1,,1.0406952794576714
CD,0.3,456,16,1.1274995322365209,1,,1.053176881161491
CD,0.3,456,17,1.059681567801765,0,,1.0684136383819798
CD,0.3,789,1,3.112391184574336,0,,1.1229742834680059
CD,0.3,789,2,3.308251868788876,0,,1.117127791472594
CD,0.3,789,3,3.295990290570615,0,,1.1193135079676941
CD,0.3,789,4,3.215054317493344,0,,1.112704848574522
CD,0.3,789,5,3.141866687874296,0,,1.1098564660006642
CD,0.3,789,6,2.9402649968981267,1,,1.1068370016907572
CD,0.3,789,7,2.7050709965217172,0,,1.1060509254576454
CD,0.3,789,8,2.479711090663515,1,,1.1207766376492938
CD,0.3,789,9,2.2574920124082425,0,,1.1352369067534038
CD,0.3,789,10,1.963827845703558,1,,1.1296850500734896
CD,0.3,789,11,1.6807743787765503,0,,1.1393265208881391
CD,0.3,789,12,1.429311441116599,1,,1.1512799019285715
CD,0.3,789,13,1.222791242943817,1,,1.1899245617931602
CD,0.3,789,14,1.0903086968322298,0,,1.2129087070044215
CD,0.3,789,15,1.057427141737582,0,,1.2201544510230913
CD,0.3,789,16,1.0668971671526175,1,,1.2304846974639394
CD,0.3,789,17,1.1015129215681732,0,,1.2374306978468883
CD,0.3,1011,1,3.171399179857169,0,,0.904819395554815
CD,0.3,1011,2,3.3563716780486983,0,,0.8989279612102046
CD,0.3,1011,3,3.3955349250812437,0,,0.9047835751108754
CD,0.3,1011,4,3.299949831511844,0,,0.8931733964953835
CD,0.3,1011,5,3.19671000532843,0,,0.8970176931148439
CD,0.3,1011,6,3.040204502196901,1,,0.907705173531458
CD,0.3,1011,7,2.846290279383683,0,,0.9004706263667879
CD,0.3,1011,8,2.6499397841345265,1,,0.9125960994856824
CD,0.3,1011,9,2.3943571996926076,0,,0.9124784234847129
CD,0.3,1011,10,2.13859133143349,1,,0.9140231750981425
CD,0.3,1011,11,1.8418638166615875,2,,0.9286623293929307
CD,0.3,1011,12,1.5857155875780096,0,,0.9447119732162941
CD,0.3,1011,13,1.3402971579067742,0,,0.9545133932731396
CD,0.3,1011,14,1.1453395364889458,0,,0.968293049194642
CD_Block,0.3,42,1,3.173352431420663,0,,1.0443807211971756
CD_Block,0.3,42,2,3.3685180723370602,0,,1.0394908108066343
CD_Block,0.3,42,3,3.3908770382107787,0,,1.0442648948311564
CD_Block,0.3,42,4,3.280700016258961,0,,1.0496954474732432
CD_Block,0.3,42,5,3.158658998641209,0,,1.0329941620965677
CD_Block,0.3,42,6,3.017931723143475,1,,1.0305513499396628
CD_Block,0.3,42,7,2.8215844676269226,0,,1.0296237058659972
CD_Block,0.3,42,8,2.642688951406821,1,,1.0415349070087268
CD_Block,0.3,42,9,2.373880562616225,0,,1.0314897231374236
CD_Block,0.3,42,10,2.0962183521800783,1,,1.0496856623068405
CD_Block,0.3,42,11,1.7966710020653645,0,,1.0487976302516124
CD_Block,0.3,42,12,1.5150171045047134,0,,1.0525126539229588
CD_Block,0.3,42,13,1.2471650467583195,0,,1.0772737039490878
CD_Block,0.3,42,14,1.022696694233028,1,,1.0687261986908467
CD_Block,0.3,42,15,0.8504824005549226,0,,1.074451991223564
CD_Block,0.3,42,16,0.7502740225587708,1,,1.0747989346352882
CD_Block,0.3,42,17,0.6861206396998637,1,,1.0931573009924518
CD_Block,0.3,123,1,3.1700678777931937,0,,1.0000155639403356
CD_Block,0.3,123,2,3.366797037266973,0,,0.996109571167808
CD_Block,0.3,123,3,3.3255911893512478,0,,0.9856159102662897
CD_Block,0.3,123,4,3.293643302585355,0,,0.9758686696781538
CD_Block,0.3,123,5,3.206185042442967,0,,0.9755199003669472
CD_Block,0.3,123,6,3.0980994364179937,1,,0.9696326533744398
CD_Block,0.3,123,7,2.9110301275158403,0,,0.9721915138812629
CD_Block,0.3,123,8,2.747452529184372,1,,0.9762370799425084
CD_Block,0.3,123,9,2.5204098343256103,0,,0.9979476705208609
CD_Block,0.3,123,10,2.255517386345274,1,,1.0006601157280421
CD_Block,0.3,123,11,1.952069342670156,0,,1.002041477149052
CD_Block,0.3,123,12,1.6771756437907657,1,,0.9991990635525398
CD_Block,0.3,123,13,1.4085976104831222,0,,1.016588564494273
CD_Block,0.3,123,14,1.1678366742916961,0,,1.0322271839643433
CD_Block,0.3,123,15,0.9872360195093487,0,,1.0435015440698114
CD_Block,0.3,123,16,0.8484266194333119,1,,1.0562932217968333
CD_Block,0.3,456,1,3.1580518513769653,0,,0.9763717871939213
CD_Block,0.3,456,2,3.356001829389316,0,,0.9721652667959761
CD_Block,0.3,456,3,3.3936940355680476,0,,0.965875135197225
CD_Block,0.3,456,4,3.3009558215070127,0,,0.9710951006946371
CD_Block,0.3,456,5,3.237996506097898,0,,0.9920951619706111
CD_Block,0.3,456,6,3.110782051347641,1,,0.9685309581005235
CD_Block,0.3,456,7,2.9502481338396596,0,,0.9585991404979078
CD_Block,0.3,456,8,2.7778387689495467,1,,0.9734244692760892
CD_Block,0.3,456,9,2.5433753870019866,0,,0.9682138260102193
CD_Block,0.3,456,10,2.312588522446096,0,,0.9639820448941805
CD_Block,0.3,456,11,2.028969404469448,1,,0.9651668107626409
CD_Block,0.3,456,12,1.789314631680351,0,,0.9644047823678786
CD_Block,0.3,456,13,1.5587133224923813,0,,0.9745130808728253
CD_Block,0.3,456,14,1.331391652365822,0,,0.984268956909005
CD_Block,0.3,456,15,1.1338964600961996,1,,0.991498978670969
CD_Block,0.3,456,16,0.9867450318250998,1,,1.0053138755020636
CD_Block,0.3,456,17,0.8782983316117852,0,,1.0295559728590722
CD_Block,0.3,789,1,3.1010859479951622,0,,1.123049723735649
CD_Block,0.3,789,2,3.3047208387460283,0,,1.116949429261383
CD_Block,0.3,789,3,3.291378409589701,0,,1.1192947875830792
CD_Block,0.3,789,4,3.2134940287367026,0,,1.112580800306366
CD_Block,0.3,789,5,3.1380135928813497,0,,1.1090509259380024
CD_Block,0.3,789,6,2.9353262763099366,1,,1.1067537610053464
CD_Block,0.3,789,7,2.7004754533815145,0,,1.1057394920374002
CD_Block,0.3,789,8,2.4744066054602545,1,,1.120043303117583
CD_Block,0.3,789,9,2.2371289772773855,0,,1.1284284477326325
CD_Block,0.3,789,10,1.939474435560257,1,,1.1242440388809856
CD_Block,0.3,789,11,1.6377565424833724,0,,1.135058153852662
CD_Block,0.3,789,12,1.3709254841306315,0,,1.1353079086750288
CD_Block,0.3,789,13,1.102587132252271,0,,1.1462102198502704
CD_Block,0.3,789,14,0.9011573206132917,0,,1.16183776761699
CD_Block,0.3,789,15,0.7800098629677641,2,,1.1579888253191364
CD_Block,0.3,789,16,0.7017242500438026,0,,1.1751339600823267
CD_Block,0.3,789,17,0.6731695159750791,0,,1.1810509168478776
CD_Block,0.3,1011,1,3.16390895807921,0,,0.9046497354427595
CD_Block,0.3,1011,2,3.3528688598034986,0,,0.898762653959188
CD_Block,0.3,1011,3,3.3938089897383503,0,,0.9048615207090986
CD_Block,0.3,1011,4,3.2969258372463397,0,,0.8931039427336358
CD_Block,0.3,1011,5,3.193471737406147,0,,0.8965465964235
CD_Block,0.3,1011,6,3.0355267931978065,1,,0.9007304920988808
CD_Block,0.3,1011,7,2.8447168595755277,0,,0.8941372551123284
CD_Block,0.3,1011,8,2.6506180966280373,1,,0.902559953633007
CD_Block,0.3,1011,9,2.397557411620866,0,,0.9051781182851909
CD_Block,0.3,1011,10,2.122256056008586,1,,0.9083469356691133
CD_Block,0.3,1011,11,1.810168796629455,0,,0.9135423534181982
CD_Block,0.3,1011,12,1.5217746731060655,0,,0.9209692198618876
CD_Block,0.3,1011,13,1.2432059033593135,0,,0.9174334035282597
CD_Block,0.3,1011,14,1.0136546187429314,1,,0.92431233070234
CI,0.6,42,1,1.0227372835552881,0,4.241654741737954,1.1791872264514767
CI,0.6,42,2,0.8352942173443143,0,4.058419760590783,1.083867551531217
CI,0.6,42,3,0.9502760957157801,0,3.7218007511074176,1.0488426678357128
CI,0.6,42,4,0.9815486735767789,0,3.3504902882208936,1.0411892013310586
CI,0.6,42,5,1.1373555243961395,0,2.9498355426636014,1.0401037397585702
CI,0.6,42,6,1.1448538341219463,0,2.562993440935257,1.0392007575286402
CI,0.6,42,7,1.1730141147734627,0,2.2507578363866454,1.042431899429509
CI,0.6,42,8,1.120918539781419,0,2.0352446486081948,1.0506249375322978
CI,0.6,42,9,1.14969530654332,0,1.917736705728574,1.0444311250482283
CI,0.6,42,10,1.245181657965221,0,1.8396407011405418,1.045189054000028
CI,0.6,42,11,1.2266905487529816,0,1.7605035732300383,1.0403109606757903
CI,0.6,42,12,1.1904335144966367,0,1.7112663359548856,1.0475427258624799
CI,0.6,42,13,1.1216104664499797,0,1.6936996635569623,1.0355288261985942
CI,0.6,42,14,1.1097753861593822,0,1.6589377414439441,1.0368150607393383
CI,0.6,42,15,1.1052668586609855,0,1.6879560775532902,1.0352267341634283
CI,0.6,42,16,1.075584316064441,0,1.7152794700060476,1.0298732725361648
CI,0.6,42,17,1.0657559765709772,0,1.7622731012318382,1.0276471991391787
CI,0.6,42,18,1.0109912421968248,0,1.8014939319789784,1.0330545187008116
CI,0.6,42,19,1.0710349716837444,0,1.8759651186675728,1.027109383592719
CI,0.6,42,20,1.0472067632372417,0,1.9431935457813203,1.0312909654462497
CI,0.6,42,21,1.0045779536640833,0,1.9989556198589116,1.035489122381703
CI,0.6,42,22,0.999764777365185,0,2.035130646292372,1.0294348870223866
CI,0.6,42,23,0.9255051281717088,0,2.088376419319799,1.029918663914596
CI,0.6,42,24,0.9196011499753074,0,2.1031208937535517,1.0329910041871364
CI,0.6,42,25,0.9240339663293626,0,2.129169484731479,1.03500070473934
CI,0.6,42,26,0.9000118251830812,0,2.1774882258219175,1.0338325893948281
CI,0.6,42,27,0.9381770784892733,0,2.209341440100605,1.0376283411218827
CI,0.6,42,28,0.9137087729242113,0,2.27311255724398,1.0364989646182934
CI,0.6,42,29,0.8833323679273091,0,2.296184095806937,1.0381002791569773
CI,0.6,123,1,0.986822990197984,0,3.516945635191968,1.127115015915352
CI,0.6,123,2,0.8252130235944476,0,3.2828454438778087,1.035486145618379
CI,0.6,123,3,0.9383170131653075,0,2.9189860489911688,1.0052162031726828
CI,0.6,123,4,1.0381005879432437,0,2.5322047026804855,0.994036393956138
CI,0.6,123,5,0.9936454721859523,0,2.1511618011969778,0.9962600566181066
CI,0.6,123,6,1.0748569293627663,0,1.8848710584524653,0.9931438014144652
CI,0.6,123,7,1.08831840185892,0,1.715920961499778,0.9938996947102459
CI,0.6,123,8,1.1794901528055706,0,1.629221007675433,0.9880238332833592
CI,0.6,123,9,1.1175912921390836,0,1.5566237573566555,0.985820639705279
CI,0.6,123,10,1.236041958369906,0,1.5126928345202515,0.9856311975325858
CI,0.6,123,11,1.1406475229868813,0,1.4934456696619327,0.9790339398483492
CI,0.6,123,12,1.1972461967241197,0,1.4999431954369755,0.9770580816512336
CI,0.6,123,13,1.1303629193987166,0,1.5072353241068375,0.9770870854872415
CI,0.6,123,14,1.17969050293877,0,1.5183807785004595,0.972121840852808
CI,0.6,123,15,1.1739301880200703,0,1.5402073273930181,0.9747091937509166
CI,0.6,123,16,1.12684180433788,0,1.6050403735807786,0.9685960300711335
CI,0.6,123,17,1.1323293409650288,0,1.6351549353189347,0.9713253469603489
CI,0.6,123,18,1.0327593968028115,0,1.7232612610814106,0.966877332854978
CI,0.6,123,19,1.0429782791743203,0,1.781821131136207,0.9719221453842206
CI,0.6,123,20,0.9875157920141069,0,1.875364833541366,0.9696064894831667
CI,0.6,123,21,0.9904426648503258,0,1.9563164672734374,0.9704056191580424
CI,0.6,123,22,1.0459696735654558,0,2.0326601640490054,0.9746528568853483
CI,0.6,123,23,0.9600938946481735,0,2.081524609020021,0.972162867675621
CI,0.6,123,24,0.9164885027068002,0,2.17714398940021,0.970901514511711
CI,0.6,123,25,0.9338461813472566,0,2.2393548734122013,0.9735317934962884
CI,0.6,123,26,0.8952637305335392,0,2.3212592496307294,0.9787810990954895
CI,0.6,123,27,0.9054572553861708,0,2.4069431716388268,0.9746875857907964
CI,0.6,123,28,0.8449022817233253,0,2.4250946516525613,0.9761892998063446
CI,0.6,456,1,1.0576716841213287,0,4.650346829746489,1.119772305770728
CI,0.6,456,2,0.8248749044206407,0,4.552297995198916,1.0269440249015356
CI,0.6,456,3,0.9439882550920758,0,4.293654045978219,0.989159350853096
CI,0.6,456,4,0.982472560708485,0,3.8877344014842445,0.9798657832315083
CI,0.6,456,5,1.0643492965471177,0,3.4226288317878475,0.9801017556588646
CI,0.6,456,6,1.0598355616841997,0,3.022046677460895,0.9786369903344734
CI,0.6,456,7,1.1717839884379553,0,2.763981009827049,0.9862413180805208
CI,0.6,456,8,1.1753273331929768,0,2.5895141281382594,1.001019665896541
CI,0.6,456,9,1.1921069007071237,0,2.4527487939824613,0.9733642013801598
CI,0.6,456,10,1.124588916226039,0,2.261955106672609,0.965691111424268
CI,0.6,456,11,1.2424119077031575,0,2.088744525023536,0.9679492097481041
CI,0.6,456,12,1.181045131077842,0,1.9936305535876053,0.968823362042289
CI,0.6,456,13,1.0551587390521215,0,1.9346699521861832,0.976148197967732
CI,0.6,456,14,1.154903491338094,0,1.9433671983681189,0.9634020520340139
CI,0.6,456,15,1.0800617412915305,0,2.0169439154065847,0.9555416953636199
CI,0.6,456,16,1.0309760551604013,0,2.0394636222830207,0.9635903485108572
CI,0.6,456,17,1.081056278849405,0,2.1185375567187497,0.9641261761386253
CI,0.6,456,18,1.0944254814632355,0,2.3112778614764795,0.946598512903154
CI,0.6,456,19,1.0176952093366594,0,2.341012008559726,0.9622437876279252
CI,0.6,456,20,1.0067002517836434,0,2.473675264595205,0.957969980668292
CI,0.6,456,21,1.0662307483809335,0,2.5205710848190868,0.9724669374000516
CI,0.6,456,22,0.9643242169940283,0,2.655659378319583,0.9741070044188943
CI,0.6,456,23,1.1019085863279918,0,2.7284491234569845,0.958599213196103
CI,0.6,456,24,0.9858770048807538,0,2.7467568235426736,0.9803534882237742
CI,0.6,456,25,0.9485213103748503,0,2.7855005896051828,0.9709847309022323
CI,0.6,456,26,0.9174674645302787,0,2.8857826142728364,0.9697076005517234
CI,0.6,456,27,0.912781278292338,0,2.906618300067505,0.9600950384713755
CI,0.6,456,28,0.889442227189503,0,2.9865452092201394,0.9551234243135863
CI,0.6,789,1,1.073687441765316,0,4.391693132299501,1.2637621053677923
CI,0.6,789,2,0.8177209307277014,0,4.121131881764889,1.1697937173258455
CI,0.6,789,3,0.8840632173750136,0,3.6817199304517296,1.1326520241554148
CI,0.6,789,4,1.0117829366335793,0,3.2658975628365012,1.1240180090839496
CI,0.6,789,5,0.9905767894926525,0,2.8898721069017497,1.1270301389478103
CI,0.6,789,6,1.1098020303817022,0,2.617731931119759,1.1264621056733113
CI,0.6,789,7,1.1245810323291354,0,2.466718021498787,1.127458257526458
CI,0.6,789,8,1.1306365028260246,0,2.400441951332536,1.1253539109037074
CI,0.6,789,9,1.1562810947024633,0,2.320768988280064,1.1334021412346194
CI,0.6,789,10,1.1724177400271099,0,2.1946570930956057,1.1229441272230865
CI,0.6,789,11,1.1347301526675149,0,2.0771405325822787,1.1229550011042326
CI,0.6,789,12,1.139602329995897,0,1.9922331757102174,1.1209370215355903
CI,0.6,789,13,1.1180788042053345,0,1.9790020274444104,1.1177504219706929
CI,0.6,789,14,1.0995710880037337,0,2.0020098594267046,1.1137193865977155
CI,0.6,789,15,1.0449008250993395,0,2.029228769964828,1.1117807566961013
CI,0.6,789,16,1.0658897502081734,0,2.1004427247156143,1.116898181109636
CI,0.6,789,17,0.9841659343431867,0,2.172732156520218,1.1095950554385854
CI,0.6,789,18,1.0606746295141796,0,2.1943303444655218,1.1154374257207191
CI,0.6,789,19,0.9614280906934587,0,2.291904440395822,1.116795862968666
CI,0.6,789,20,0.9910617451819163,0,2.3887862054244167,1.1124468219815606
CI,0.6,789,21,0.956538905226995,0,2.4027764490838024,1.1152075739006557
CI,0.6,789,22,1.0307047499550714,0,2.450566998744622,1.1145195153466505
CI,0.6,789,23,0.9725377692116631,0,2.4661602626725285,1.1149441831985123
CI,0.6,789,24,0.954684975601378,0,2.4900737896451193,1.1126169441760243
CI,0.6,789,25,0.8955603573057387,0,2.5698443478299864,1.1139924850263008
CI,0.6,789,26,0.9175223358093746,0,2.6245591952965692,1.1145459379571871
CI,0.6,789,27,0.8908528789641366,0,2.665264370382403,1.1131617327820462
CI,0.6,1011,1,1.090317185909029,0,4.255726128214475,1.025351637243015
CI,0.6,1011,2,0.8274466546754988,0,4.017903550328685,0.9379468895776157
CI,0.6,1011,3,0.9125705834419008,0,3.689166771639199,0.9099438291239377
CI,0.6,1011,4,1.0346274811124045,0,3.339110861232974,0.9040886550087204
CI,0.6,1011,5,1.0172450968197413,0,2.936081599702536,0.9016569974028712
CI,0.6,1011,6,1.0988590111808172,0,2.5605752563965103,0.8994412454979609
CI,0.6,1011,7,1.081393089559343,0,2.2574100894011715,0.9016316250135301
CI,0.6,1011,8,1.1680364580381484,0,2.062555554313213,0.900568879589112
CI,0.6,1011,9,1.2561820877922907,0,1.924457345889959,0.9023123354289747
CI,0.6,1011,10,1.1611031246563746,0,1.8305368431399258,0.8929251071716632
CI,0.6,1011,11,1.0114128778851221,0,1.8079321808158701,0.8868821685098185
CI,0.6,1011,12,1.1274822817908392,0,1.7418870066510965,0.891611853303794
CI,0.6,1011,13,1.1660976239613123,0,1.7444449205359083,0.8827806012360858
CI,0.6,1011,14,0.9874932321291121,0,1.7321235895254934,0.8853256759114502
CI,0.6,1011,15,1.0496242718091087,0,1.7724545708380293,0.882429956929474
CI,0.6,1011,16,1.0764726703129117,0,1.7848322941770012,0.8848984404733535
CI,0.6,1011,17,1.0515952725259086,0,1.8732704211960358,0.8818150319605497
CI,0.6,1011,18,1.0508002780732655,0,1.9413912816053105,0.8848973015971219
CI,0.6,1011,19,0.9907899271874201,0,2.054839484866693,0.884324579835142
CI,0.6,1011,20,0.962366004784902,0,2.18305927661584,0.8835480606042553
CI,0.6,1011,21,0.9301896454795958,0,2.2572343416841405,0.8863602767717477
CI,0.6,1011,22,0.943298129808335,0,2.3249947620339873,0.8873738732081317
CI,0.6,1011,23,0.9525489021861364,0,2.4497473369264573,0.8850300113663939
CI,0.6,1011,24,0.9039299819204543,0,2.5129994511617713,0.8900287778338624
CI,0.6,1011,25,0.8902273178100586,0,2.6387164420276985,0.8881560800005587
CI,0.6,1011,26,0.8745605254930163,0,2.684338943260348,0.890427940313829
CI,0.6,1011,27,0.8732677111549983,0,2.8266600117413136,0.8905699043049358
CD,0.6,42,1,3.095160698890686,0,3.736258614154613,1.0426052620880784
CD,0.6,42,2,3.2807983065125956,0,2.5857324180514363,1.0389960192720977
CD,0.6,42,3,3.292807474658264,0,1.6518736503249851,1.0437057846274245
CD,0.6,42,4,3.176883145232699,0,1.504851420997434,1.0469602391798387
CD,0.6,42,5,3.0586795579141643,0,1.5503695578397911,1.030589061042818
CD,0.6,42,6,2.9230831835374413,1,1.8412693956803068,1.02893951081215
CD,0.6,42,7,2.730958031777719,0,2.071522099732952,1.026422754201582
CD,0.6,42,8,2.5518299567984393,1,2.2375994031248267,1.0429318413740996
CD,0.6,42,9,2.2797801515949305,0,2.46227664077841,1.0286186467657286
CD,0.6,42,10,2.0144985146019088,1,2.435755014685832,1.0453492840719683
CD,0.6,42,11,1.759839961659256,0,2.351057405646851,1.0686385816753206
CD,0.6,42,12,1.5447932913365117,1,2.2236796134091907,1.0843589366132076
CD,0.6,42,13,1.3832614203966946,1,1.9798676216299482,1.1163764833044563
CD,0.6,42,14,1.3014008419430672,0,1.9794886630213124,1.1624668194781982
CD,0.6,42,15,1.2321406537620583,0,1.942687528281222,1.1472161612119984
CD,0.6,42,16,1.1969007326002739,0,2.143096594740677,1.1543921090494995
CD,0.6,42,17,1.2062136363460723,1,1.9528903087272018,1.1429211216909132
CD,0.6,123,1,3.0864606545339175,0,3.1462217014789653,1.0007614177192679
CD,0.6,123,2,3.2767105409755044,0,1.8990702736193228,0.9962902756514634
CD,0.6,123,3,3.2310941543152083,0,1.4688568506610518,0.9840373517810977
CD,0.6,123,4,3.1994441573299577,0,1.4539613043085344,0.9733500195846221
CD,0.6,123,5,3.118889612226344,0,1.561095718826194,0.970350031438184
CD,0.6,123,6,3.0255334864099663,1,1.8907408270540798,0.9698457026942985
CD,0.6,123,7,2.870294690606606,0,2.1623362780091107,0.9785255139258273
CD,0.6,123,8,2.723737860818308,1,2.395165771655434,0.9871268408092988
CD,0.6,123,9,2.5245688766982424,0,2.328197094149811,1.0244664091963307
CD,0.6,123,10,2.320595057837042,1,2.8165523738694564,1.0363357235251034
CD,0.6,123,11,2.087444757347676,0,3.144629142414101,1.0522329618293491
CD,0.6,123,12,1.8890785174778257,1,4.468543070759936,1.053520314307966
CD,0.6,123,13,1.7622997924463073,0,4.2435363122721315,1.0832424130119855
CD,0.6,123,14,1.6288179929750375,1,4.667346795449405,1.0906491050805194
CD,0.6,123,15,1.5557144113441013,0,4.436280949237216,1.074009895944067
CD,0.6,123,16,1.4565797102047628,1,4.647712246768832,1.0957010964299907
CD,0.6,456,1,3.0757473348978146,0,4.402010002905594,0.976964676031934
CD,0.6,456,2,3.264765930650246,0,2.9590294307813867,0.9740586734120907
CD,0.6,456,3,3.2924224399215545,0,2.1266324074288274,0.9662829818748495
CD,0.6,456,4,3.2058001655844315,0,1.8938173336086914,0.9695823304530744
CD,0.6,456,5,3.1480667236432507,0,1.916409624960064,0.9966284157619641
CD,0.6,456,6,3.0434799378374184,1,2.2913294864200897,0.9931075351379888
CD,0.6,456,7,2.8965426369092953,0,2.6522172574717904,0.9642843900543924
CD,0.6,456,8,2.7293342316293145,1,2.6705739538955853,0.9732304898196366
CD,0.6,456,9,2.5052223050179174,0,3.2446490355729245,0.9745314427479826
CD,0.6,456,10,2.258793744993447,0,3.5187626009719684,0.9822681729009809
CD,0.6,456,11,1.9824553582060385,1,3.916957359696207,0.9753670783183396
CD,0.6,456,12,1.7689396029088034,0,4.23694479467772,0.9896169630015802
CD,0.6,456,13,1.5575226762024055,1,5.4147273370855125,1.0295862347015166
CD,0.6,456,14,1.3930126933316094,0,5.324095491590209,1.0572457312372137
CD,0.6,456,15,1.265077930225794,1,5.565253109821185,1.0411868717388415
CD,0.6,456,16,1.1926205665822998,1,6.520314152869386,1.0570904963757362
CD,0.6,456,17,1.1472553954195621,0,6.43694929962868,1.0753600587042278
CD,0.6,789,1,3.0167594539585396,0,3.60828960270363,1.1242219564778995
CD,0.6,789,2,3.2080693383715047,0,2.438745786474049,1.1194924814404603
CD,0.6,789,3,3.186840051679469,0,2.0123737343650165,1.1200577589498861
CD,0.6,789,4,3.105356297208302,0,1.8408087352091775,1.1121280113860992
CD,0.6,789,5,3.0363541789315827,0,1.8313585147888443,1.1093129535156891
CD,0.6,789,6,2.834082015482078,1,2.3006033109123263,1.1071481335560123
CD,0.6,789,7,2.6046373743322953,0,2.4599207950392814,1.1067957962259156
CD,0.6,789,8,2.3828323735183927,1,3.1101031215729074,1.1228152574848957
CD,0.6,789,9,2.1706148692031406,0,3.4204823271100198,1.1362044812630685
CD,0.6,789,10,1.8922913035311073,1,3.6501471462476434,1.1321558960289984
CD,0.6,789,11,1.6314179512015377,1,3.5235097509918187,1.1357609739496657
CD,0.6,789,12,1.416028620473188,0,4.5385665853345065,1.1514171983172783
CD,0.6,789,13,1.2243152585788746,0,3.74581662128341,1.1931416099941055
CD,0.6,789,14,1.0998290208468875,1,5.202058456211757,1.2029151942876648
CD,0.6,789,15,1.0804916903747255,0,4.163129350918935,1.2138368313550234
CD,0.6,789,16,1.061047547485724,1,4.983427799655156,1.2250871995909614
CD,0.6,789,17,1.091727035911522,0,5.219034507815618,1.240699280623543
CD,0.6,1011,1,3.0830297560241093,0,3.8471783610434658,0.9038439647118416
CD,0.6,1011,2,3.26490246193919,0,2.733387124886831,0.8973247524426611
CD,0.6,1011,3,3.293886267130648,0,1.660591683807481,0.9004040241377981
CD,0.6,1011,4,3.1970941031157083,0,1.5587784983952626,0.8885316526221575
CD,0.6,1011,5,3.099630300322575,0,1.6774399640424547,0.8924192392186492
CD,0.6,1011,6,2.938986802124882,1,2.206680641524842,0.9017864919086578
CD,0.6,1011,7,2.7587250035793627,0,2.5407429263633636,0.8981890088315657
CD,0.6,1011,8,2.5630751914712064,1,2.580818603321054,0.9130323230739492
CD,0.6,1011,9,2.3176672119406327,0,3.4049942213670787,0.9083737670571522
CD,0.6,1011,10,2.082653368374266,1,3.811718112005248,0.9154362025103189
CD,0.6,1011,11,1.8089831613924399,1,4.049506960532718,0.9296859695285071
CD,0.6,1011,12,1.5616703863760726,0,3.659604578776091,0.9530195252282772
CD,0.6,1011,13,1.3279434975106919,0,3.9795559126363904,0.9559699187938965
CD,0.6,1011,14,1.1562323016355711,1,3.865034302895568,0.9752424613046853
CD_Block,0.6,42,1,3.0874355006573806,0,3.931622028170421,1.0427101738683557
CD_Block,0.6,42,2,3.2789976421280285,0,2.7130387463184187,1.0391220086007098
CD_Block,0.6,42,3,3.2902583041594395,0,1.7075548385401784,1.0437038191655221
CD_Block,0.6,42,4,3.175976091000571,0,1.5509283891127434,1.0470206515131495
CD_Block,0.6,42,5,3.059086393479684,0,1.590809241313442,1.0309467428756949
CD_Block,0.6,42,6,2.9216251842291707,1,1.9688303118733024,1.0296247882939051
CD_Block,0.6,42,7,2.732601684361548,0,2.193925266787428,1.027744759903869
CD_Block,0.6,42,8,2.5598925806849127,1,2.5082036328252357,1.0407308573256622
CD_Block,0.6,42,9,2.291213021468167,0,3.2960963014048565,1.0287605697858482
CD_Block,0.6,42,10,2.022268766425995,1,3.2514256587060824,1.052071667284277
CD_Block,0.6,42,11,1.736160398063375,0,3.7778333546913117,1.047603019838121
CD_Block,0.6,42,12,1.4694620099826832,0,4.152828153801114,1.0550886153948371
CD_Block,0.6,42,13,1.2175644754177302,0,3.7479919622446545,1.0798067660801873
CD_Block,0.6,42,14,1.0128115120218761,0,4.629660693653916,1.0770712198960146
CD_Block,0.6,42,15,0.8568990208594448,1,3.903668554760489,1.0923080557285862
CD_Block,0.6,42,16,0.7711595736332794,0,4.110002770735831,1.0963232612227591
CD_Block,0.6,42,17,0.7193685948313887,2,3.5195182365536595,1.1138439312062052
CD_Block,0.6,123,1,3.0807301006506926,0,3.2150857593675153,1.0012572763642107
CD_Block,0.6,123,2,3.2739073074872223,0,1.9251334069390111,0.9970048593233908
CD_Block,0.6,123,3,3.227841886952149,0,1.4770058800758326,0.9846962138981605
CD_Block,0.6,123,4,3.1966881603743897,0,1.4543733319096543,0.9739312711971208
CD_Block,0.6,123,5,3.112736092040788,0,1.5478932290473206,0.9745698495054679
CD_Block,0.6,123,6,3.004217613978215,1,1.9284741441749245,0.9709078037180794
CD_Block,0.6,123,7,2.822376705639398,0,2.460446694604408,0.9741770471985209
CD_Block,0.6,123,8,2.667035217066685,1,3.155750001922645,0.9796329545682034
CD_Block,0.6,123,9,2.4407831114916068,0,3.0162623519764677,1.0024115285704986
CD_Block,0.6,123,10,2.1888868623520747,1,3.962291319968004,1.0031311437087496
CD_Block,0.6,123,11,1.896402784959594,0,4.67521949203273,1.0061081467317874
CD_Block,0.6,123,12,1.6314422205624828,1,5.874452852409688,1.002575433430976
CD_Block,0.6,123,13,1.3761101239356235,0,7.801572325406578,1.020057108704623
CD_Block,0.6,123,14,1.1544594060722275,0,6.945252153711198,1.0357930283820198
CD_Block,0.6,123,15,0.9909535672534164,0,9.695737813155512,1.0436139715754378
CD_Block,0.6,123,16,0.8649432251484301,2,10.268179889047413,1.0558606476100092
CD_Block,0.6,456,1,3.0695594069969596,0,4.488788432837174,0.9761363543954904
CD_Block,0.6,456,2,3.2624541957580036,0,2.9886001589249824,0.9722074470399877
CD_Block,0.6,456,3,3.2896393482957906,0,2.117172690728296,0.9629754360090473
CD_Block,0.6,456,4,3.2014995501409125,0,1.8586240573792496,0.9670360003286306
CD_Block,0.6,456,5,3.1437179440882668,0,1.8918774649133796,0.9880997268957747
CD_Block,0.6,456,6,3.021341262823082,1,2.2717029600977114,0.9644376336672863
CD_Block,0.6,456,7,2.8622820537481735,0,2.7595980752814753,0.957074111033705
CD_Block,0.6,456,8,2.6996718294829485,1,2.901705622779574,0.9698077736297536
CD_Block,0.6,456,9,2.46957569074868,0,3.700376903060219,0.9653112676971307
CD_Block,0.6,456,10,2.246207449210817,0,4.813284123221685,0.962584494365652
CD_Block,0.6,456,11,1.973334513967903,0,5.803291139019624,0.9637984889044062
CD_Block,0.6,456,12,1.7398214451820253,1,6.770362635425059,0.9586555412707571
CD_Block,0.6,456,13,1.5190100365307226,1,8.172449017467377,0.9728875936115344
CD_Block,0.6,456,14,1.3078186806754686,0,8.616932859778514,0.9906691033869865
CD_Block,0.6,456,15,1.1269972403923354,1,10.057881901254733,0.9983370613671045
CD_Block,0.6,456,16,1.0012717145592418,0,11.379917478641584,1.016550523651924
CD_Block,0.6,456,17,0.9004421914987896,0,11.824358734862946,1.04411723280933
CD_Block,0.6,789,1,3.004252621783546,0,3.7115806394169053,1.1243150185855735
CD_Block,0.6,789,2,3.2038917141767285,0,2.4775167016617026,1.1192953869103028
CD_Block,0.6,789,3,3.181946934752203,0,2.0331852426792265,1.1200839434065701
CD_Block,0.6,789,4,3.104045010799199,0,1.8630159340907806,1.1120029479538471
CD_Block,0.6,789,5,3.0334200445099255,0,1.8535349137535646,1.1084118633035707
CD_Block,0.6,789,6,2.8314063538355656,1,2.292162534307151,1.1072542145811333
CD_Block,0.6,789,7,2.6019758009791967,0,2.566642315224488,1.106430653837335
CD_Block,0.6,789,8,2.378597349047186,1,3.2276495857553624,1.1224203985569319
CD_Block,0.6,789,9,2.1497841199239094,0,3.6271254289332853,1.1297908989119239
CD_Block,0.6,789,10,1.8635672722679686,1,4.273386706237841,1.12387482448775
CD_Block,0.6,789,11,1.57917382954365,0,4.420428354683805,1.1347621861542676
CD_Block,0.6,789,12,1.3304843774948463,1,5.765972656179079,1.1387462588661685
CD_Block,0.6,789,13,1.0847352779326747,0,5.895727601231785,1.1547240852374765
CD_Block,0.6,789,14,0.9013186572202996,0,6.809490201760772,1.1686607581252033
CD_Block,0.6,789,15,0.794193621298567,0,8.450676964870064,1.1663249895185879
CD_Block,0.6,789,16,0.7228944495735891,1,10.11437126541972,1.1902652596866947
CD_Block,0.6,789,17,0.6973565976418072,0,10.996183915832688,1.1944905829440116
CD_Block,0.6,1011,1,3.074874335023301,0,4.007968733338489,0.9036431661433786
CD_Block,0.6,1011,2,3.2611311360971253,0,2.8494753162537467,0.8971787971368341
CD_Block,0.6,1011,3,3.2920088743095968,0,1.7255029579456271,0.9006642620185847
CD_Block,0.6,1011,4,3.1931836372584255,0,1.6022816439992602,0.8885198690146052
CD_Block,0.6,1011,5,3.095486905088472,0,1.7374079152586568,0.8918211824153933
CD_Block,0.6,1011,6,2.9340333234503926,1,2.2055080814075336,0.8939295164635505
CD_Block,0.6,1011,7,2.7566738393176253,0,2.6022885354495995,0.8894672737044063
CD_Block,0.6,1011,8,2.5664959552278557,1,2.9145333862098823,0.900291604250964
CD_Block,0.6,1011,9,2.313887480598184,0,4.056725366972888,0.9040472953032962
CD_Block,0.6,1011,10,2.051826761182086,1,4.974873585909553,0.9088799551592717
CD_Block,0.6,1011,11,1.7559227547242273,0,6.142472100485379,0.9138932697902795
CD_Block,0.6,1011,12,1.4828758392761003,0,5.955750016585268,0.9245259776178786
CD_Block,0.6,1011,13,1.2207385255922725,0,7.565846180294601,0.9225721894100131
CD_Block,0.6,1011,14,1.009786794681948,1,8.002755038924775,0.9329125377032819
CI,0.9,42,1,1.0135634976720054,0,,1.1758148502586436
CI,0.9,42,2,0.8195444392779517,0,,1.081452578121181
CI,0.9,42,3,0.9356228926825145,0,,1.0471274247561522
CI,0.9,42,4,0.9638990627394782,0,,1.0396509580308697
CI,0.9,42,5,1.126419925500476,0,,1.038701776297757
CI,0.9,42,6,1.1234901925874134,0,,1.0380172605353826
CI,0.9,42,7,1.1504472626580133,0,,1.0412865002330673
CI,0.9,42,8,1.1055459011168707,0,,1.0487965262992847
CI,0.9,42,9,1.1284797532217843,0,,1.0423065207497522
CI,0.9,42,10,1.2201799750328064,0,,1.0428546816569513
CI,0.9,42,11,1.2101359537669591,0,,1.0371052491310169
CI,0.9,42,12,1.170673586073376,0,,1.0442377172675787
CI,0.9,42,13,1.0992634561326768,0,,1.033305896645577
CI,0.9,42,14,1.0844617277856856,0,,1.034346362377487
CI,0.9,42,15,1.082931971739209,0,,1.0322161728117427
CI,0.9,42,16,1.0520085720788865,0,,1.0270937632573376
CI,0.9,42,17,1.0470839540163677,0,,1.0248738479755446
CI,0.9,42,18,0.9916069999573722,0,,1.0307490342602341
CI,0.9,42,19,1.0447420392717635,0,,1.0249434455886126
CI,0.9,42,20,1.0334403968992687,0,,1.0286903654398774
CI,0.9,42,21,0.9899370746007041,0,,1.0329526711134942
CI,0.9,42,22,0.9802266870226178,0,,1.0268476057302687
CI,0.9,42,23,0.9114755410996694,0,,1.0273434703956557
CI,0.9,42,24,0.8983925155230931,0,,1.0301421359818765
CI,0.9,42,25,0.9077422391800654,0,,1.0324532295583855
CI,0.9,42,26,0.8839621383046347,0,,1.0311621735476069
CI,0.9,42,27,0.9245309148515973,0,,1.0351459046392608
CI,0.9,123,1,0.9773433161160302,0,,1.1270469868144593
CI,0.9,123,2,0.8095092272001599,0,,1.0361459948218912
CI,0.9,123,3,0.9231949921638246,0,,1.006408067837415
CI,0.9,123,4,1.0205157484327043,0,,0.9954714837121331
CI,0.9,123,5,0.9763707480733357,0,,0.9975592825314336
CI,0.9,123,6,1.0604122385146126,0,,0.9944370226540077
CI,0.9,123,7,1.071269990905883,0,,0.9947478676690742
CI,0.9,123,8,1.163353615336948,0,,0.9885705995786458
CI,0.9,123,9,1.0897405100247217,0,,0.9860474533854549
CI,0.9,123,10,1.2203123039669461,0,,0.9862286642790365
CI,0.9,123,11,1.1200825344948542,0,,0.9795723793898701
CI,0.9,123,12,1.176841127494025,0,,0.9776406577614456
CI,0.9,123,13,1.1084071889756217,0,,0.9778764767473935
CI,0.9,123,14,1.162322551485092,0,,0.9723941823037783
CI,0.9,123,15,1.1547691708519345,0,,0.9760147209914175
CI,0.9,123,16,1.1107867766940405,0,,0.969269508281526
CI,0.9,123,17,1.1142332298415047,0,,0.9722674397003908
CI,0.9,123,18,1.0140570402145386,0,,0.9678054794758955
CI,0.9,123,19,1.024058414830102,0,,0.972769752314742
CI,0.9,123,20,0.9679790555484711,0,,0.9704764681710417
CI,0.9,123,21,0.9752985920224871,0,,0.9711292556599558
CI,0.9,123,22,1.029808228924161,0,,0.9755730143235987
CI,0.9,123,23,0.9384474858405099,0,,0.9728223111118531
CI,0.9,123,24,0.8968047017142886,0,,0.9718329891062875
CI,0.9,123,25,0.9135747703294905,0,,0.9742532579498199
CI,0.9,123,26,0.8775132118709503,0,,0.9797702847086921
CI,0.9,123,27,0.8870911494133964,0,,0.9758024876548544
CI,0.9,123,28,0.8264116228572906,0,,0.9775045347732875
CI,0.9,456,1,1.0489446028830514,0,,1.1198820300170131
CI,0.9,456,2,0.8105006757236662,0,,1.027286185603164
CI,0.9,456,3,0.9293344039765615,0,,0.9903660822854036
CI,0.9,456,4,0.965150134904044,0,,0.9814134069164676
CI,0.9,456,5,1.0466137660874262,0,,0.981290919754808
CI,0.9,456,6,1.0386444699196589,0,,0.9800110070000926
CI,0.9,456,7,1.155284841855367,0,,0.9870065815316448
CI,0.9,456,8,1.1570898341754126,0,,1.0001273631886396
CI,0.9,456,9,1.161665959963723,0,,0.9729731985733141
CI,0.9,456,10,1.100366191258506,0,,0.9651041162014923
CI,0.9,456,11,1.2268133504050118,0,,0.9678610491344213
CI,0.9,456,12,1.1654573328911313,0,,0.9687484996840062
CI,0.9,456,13,1.0347612282586476,0,,0.976231714421452
CI,0.9,456,14,1.1354687232819816,0,,0.9625491019326688
CI,0.9,456,15,1.0612057920486209,0,,0.9547589873292586
CI,0.9,456,16,1.0119938538188027,0,,0.9629144970733472
CI,0.9,456,17,1.0622386232254997,0,,0.9632449007532786
CI,0.9,456,18,1.0778333469042702,0,,0.9467462769795005
CI,0.9,456,19,0.9996107305799212,0,,0.9618960041511289
CI,0.9,456,20,0.9897271101436917,0,,0.9581941790249059
CI,0.9,456,21,1.0498102619534446,0,,0.9725398527573517
CI,0.9,456,22,0.9475359055731032,0,,0.9741201049053677
CI,0.9,456,23,1.085528880830795,0,,0.9589312024372552
CI,0.9,456,24,0.9722378622917902,0,,0.9801962619272394
CI,0.9,456,25,0.9322219349089123,0,,0.9710914033693933
CI,0.9,456,26,0.903070122476608,0,,0.9695693089249925
CI,0.9,456,27,0.8972366953653003,0,,0.9605737381578695
CI,0.9,456,28,0.8746774281774249,0,,0.9558557115011278
CI,0.9,789,1,1.0647379623519049,0,,1.2620641807085333
CI,0.9,789,2,0.8025662075905573,0,,1.1687034922500767
CI,0.9,789,3,0.8657952632222857,0,,1.1323084858909194
CI,0.9,789,4,0.9939171946237958,0,,1.1238169871996313
CI,0.9,789,5,0.9732720549144442,0,,1.1274114578968777
CI,0.9,789,6,1.095428416653285,0,,1.1261356880601907
CI,0.9,789,7,1.1028968606676375,0,,1.127355315390427
CI,0.9,789,8,1.109694288836585,0,,1.1252281332762886
CI,0.9,789,9,1.1404856292028276,0,,1.133084517519108
CI,0.9,789,10,1.154216508070628,0,,1.121756831702517
CI,0.9,789,11,1.1112937331199646,0,,1.1219043127647104
CI,0.9,789,12,1.1180438512847537,0,,1.119623491473186
CI,0.9,789,13,1.0971662402153015,0,,1.1161348578398766
CI,0.9,789,14,1.0807126069825792,0,,1.112535988488921
CI,0.9,789,15,1.029072071824755,0,,1.1105656916904099
CI,0.9,789,16,1.0426491120504955,0,,1.1158479599139572
CI,0.9,789,17,0.9636953974527026,0,,1.1081522936121673
CI,0.9,789,18,1.0401746744201297,0,,1.1141635449182605
CI,0.9,789,19,0.9391091806547982,0,,1.1153856955072137
CI,0.9,789,20,0.9726742799319918,0,,1.1108793702568192
CI,0.9,789,21,0.9372679799322098,0,,1.1134372078475583
CI,0.9,789,22,1.0097197710521637,0,,1.1128546794746734
CI,0.9,789,23,0.9548277750847831,0,,1.1132128492299178
CI,0.9,789,24,0.9343859080284361,0,,1.110649787811673
CI,0.9,789,25,0.875227035038055,0,,1.1119180594781999
CI,0.9,789,26,0.8979581953987242,0,,1.1126651793352258
CI,0.9,789,27,0.8708595813266815,0,,1.111135818587682
CI,0.9,1011,1,1.0816732266592601,0,,1.0255311568712946
CI,0.9,1011,2,0.812599345805153,0,,0.9389461000295044
CI,0.9,1011,3,0.8968798272193425,0,,0.9113873820260616
CI,0.9,1011,4,1.0230399862168327,0,,0.9056370493105311
CI,0.9,1011,5,0.9990872324459137,0,,0.9033509325855104
CI,0.9,1011,6,1.0818891459041171,0,,0.9011584730864043
CI,0.9,1011,7,1.0621003858626834,0,,0.9032068067754488
CI,0.9,1011,8,1.149644206440638,0,,0.9017314505840648
CI,0.9,1011,9,1.236625573937855,0,,0.9035173414978893
CI,0.9,1011,10,1.140053493635995,0,,0.8933113294261832
CI,0.9,1011,11,0.989086852187202,0,,0.8873543384119302
CI,0.9,1011,12,1.109879477629586,0,,0.8916305356477262
CI,0.9,1011,13,1.1485518065709917,0,,0.8833600028140473
CI,0.9,1011,14,0.9706537335638016,0,,0.8856629912743804
CI,0.9,1011,15,1.0313282117011056,0,,0.882961662098068
CI,0.9,1011,16,1.0574629363559542,0,,0.8853750874547832
CI,0.9,1011,17,1.0345307796720475,0,,0.8823709706422531
CI,0.9,1011,18,1.0340289057247223,0,,0.885090467281327
CI,0.9,1011,19,0.9726900619173807,0,,0.8848731669684757
CI,0.9,1011,20,0.9475626898190331,0,,0.8838864500570447
CI,0.9,1011,21,0.9121173364775521,0,,0.8865598256185449
CI,0.9,1011,22,0.9227906361458793,0,,0.887465164026547
CI,0.9,1011,23,0.9378175082660857,0,,0.8852553520090486
CI,0.9,1011,24,0.8872033594146608,0,,0.8901237785245533
CI,0.9,1011,25,0.8700996277824281,0,,0.8886993205532598
CI,0.9,1011,26,0.8568399368770538,0,,0.8906484697158762
CI,0.9,1011,27,0.8580768098906865,0,,0.8911164591920596
CD,0.9,42,1,3.0356421012783525,0,,1.0406688997095004
CD,0.9,42,2,3.220389630664047,0,,1.0375010945593692
CD,0.9,42,3,3.2282359074597333,0,,1.0419528244509035
CD,0.9,42,4,3.1118059613811435,0,,1.0440460525120674
CD,0.9,42,5,2.9967485582057516,0,,1.028397951561715
CD,0.9,42,6,2.8639117335655775,1,,1.026762911027678
CD,0.9,42,7,2.6768922971848825,0,,1.0237322439765228
CD,0.9,42,8,2.500816878094616,1,,1.041039779980944
CD,0.9,42,9,2.2329615702083454,0,,1.025916900793535
CD,0.9,42,10,1.9777468679198231,1,,1.0486732771518528
CD,0.9,42,11,1.7339983721277608,0,,1.067677020950024
CD,0.9,42,12,1.5197989731670851,1,,1.0768009213735465
CD,0.9,42,13,1.3626072928012605,1,,1.1004428551447942
CD,0.9,42,14,1.2750192769724338,0,,1.1496528011882483
CD,0.9,42,15,1.1948727509275598,0,,1.1366560345537708
CD,0.9,42,16,1.1979244231584654,0,,1.1363138525408356
CD,0.9,42,17,1.209661101474838,2,,1.1343609195557092
CD,0.9,123,1,3.0269775623112767,0,,1.0019686290022856
CD,0.9,123,2,3.2167602206937116,0,,0.9973234279023252
CD,0.9,123,3,3.170267443633198,0,,0.9845379259788808
CD,0.9,123,4,3.138781233094818,0,,0.973504558285626
CD,0.9,123,5,3.0610502505183814,0,,0.9707559147051195
CD,0.9,123,6,2.969316794696557,1,,0.9716433934389075
CD,0.9,123,7,2.8191603482659184,0,,0.9805590710474025
CD,0.9,123,8,2.676784895686989,1,,0.9879090014627467
CD,0.9,123,9,2.480694402984126,0,,1.0242747332790225
CD,0.9,123,10,2.2839001743679503,1,,1.0364254531837442
CD,0.9,123,11,2.0544223348892743,0,,1.0508234626371977
CD,0.9,123,12,1.8635198128413395,1,,1.047674526491407
CD,0.9,123,13,1.7443645571001727,0,,1.0745201674257516
CD,0.9,123,14,1.619103310295785,1,,1.085040698049022
CD,0.9,123,15,1.554205925519248,1,,1.0676111894710811
CD,0.9,456,1,3.0148410412802624,0,,0.9783485458470244
CD,0.9,456,2,3.2025158767083393,0,,0.9751572137335196
CD,0.9,456,3,3.226121027315434,0,,0.9664405309844032
CD,0.9,456,4,3.142726771036784,0,,0.9693986275218403
CD,0.9,456,5,3.086913672252674,0,,0.9956944545108402
CD,0.9,456,6,2.987925366975775,0,,0.9855468611263393
CD,0.9,456,7,2.8383954732541543,1,,0.9651420106618029
CD,0.9,456,8,2.6820569807024146,0,,0.9741715719775131
CD,0.9,456,9,2.4533186495541575,1,,0.9736942715647801
CD,0.9,456,10,2.2165579462525855,0,,0.9821422552049985
CD,0.9,456,11,1.9479801544392725,1,,0.9743530889547377
CD,0.9,456,12,1.7420873921902025,0,,0.9915118330118498
CD,0.9,456,13,1.544052890275579,1,,1.030081458695745
CD,0.9,456,14,1.3883674750280617,0,,1.0588625678927939
CD,0.9,456,15,1.26886669887727,1,,1.0371467493312307
CD,0.9,456,16,1.1993032655274252,1,,1.0440836748802693
CD,0.9,456,17,1.1542824520400508,0,,1.0579278204142861
CD,0.9,789,1,2.953423083955376,0,,1.123764884784154
CD,0.9,789,2,3.14424044647027,0,,1.119383060613905
CD,0.9,789,3,3.1200907678746463,0,,1.1192768637085537
CD,0.9,789,4,3.0389477201955235,0,,1.110995517997344
CD,0.9,789,5,2.9718443318979064,0,,1.1079600521993351
CD,0.9,789,6,2.770398122618398,1,,1.1060136615189835
CD,0.9,789,7,2.545194755383392,0,,1.1058639720726304
CD,0.9,789,8,2.3261535394476702,1,,1.121449632412693
CD,0.9,789,9,2.1200324936292656,0,,1.1339876044408324
CD,0.9,789,10,1.8504002173820815,1,,1.1304487308404192
CD,0.9,789,11,1.6013083538686137,1,,1.1338674878956552
CD,0.9,789,12,1.3990093999241122,0,,1.1480950683251063
CD,0.9,789,13,1.2131296279418529,0,,1.1852005419174616
CD,0.9,789,14,1.0910641389539042,1,,1.1914297349534604
CD,0.9,789,15,1.0667652027523933,0,,1.21403515890411
CD,0.9,789,16,1.0449259613614634,1,,1.2186067686787603
CD,0.9,789,17,1.0930596631557787,0,,1.2296279252330107
CD,0.9,1011,1,3.0231371830944993,0,,0.9058346316564997
CD,0.9,1011,2,3.2041359693849856,0,,0.8989753728205967
CD,0.9,1011,3,3.2292347625713442,0,,0.9006764528052912
CD,0.9,1011,4,3.1333367524455435,0,,0.8889104350994979
CD,0.9,1011,5,3.038885097005474,0,,0.8928142218587485
CD,0.9,1011,6,2.880298595266988,1,,0.9016500257818222
CD,0.9,1011,7,2.704245403275561,0,,0.8996269757471652
CD,0.9,1011,8,2.5098760591085214,1,,0.9137363871918439
CD,0.9,1011,9,2.2728849284091397,0,,0.9095758784645519
CD,0.9,1011,10,2.0466622690043126,1,,0.9180319370654471
CD,0.9,1011,11,1.7814406021182756,1,,0.9321919649414632
CD,0.9,1011,12,1.5390073287546338,0,,0.9549060765564383
CD,0.9,1011,13,1.314145497836877,0,,0.9554717224584401
CD,0.9,1011,14,1.154480602221185,1,,0.9778067617090253
CD_Block,0.9,42,1,3.0278247369462576,0,,1.040783373580077
CD_Block,0.9,42,2,3.2185009500873623,0,,1.0376184406346716
CD_Block,0.9,42,3,3.225771409717958,0,,1.04191149023913
CD_Block,0.9,42,4,3.110915652317787,0,,1.044105693242879
CD_Block,0.9,42,5,2.996879451666305,0,,1.0287734689603902
CD_Block,0.9,42,6,2.8619505186004943,1,,1.0275960963039044
CD_Block,0.9,42,7,2.678326748141009,0,,1.0250183796594428
CD_Block,0.9,42,8,2.50871488214489,1,,1.0382255403315168
CD_Block,0.9,42,9,2.242518784632137,0,,1.0276402630014554
CD_Block,0.9,42,10,1.978755098771289,1,,1.0505335934622548
CD_Block,0.9,42,11,1.699389908444229,0,,1.0437355412853426
CD_Block,0.9,42,12,1.439962959408167,0,,1.0527402800167862
CD_Block,0.9,42,13,1.1951129875372892,0,,1.0789309944463603
CD_Block,0.9,42,14,0.9990142127174643,0,,1.0762571484111252
CD_Block,0.9,42,15,0.8511763543959158,1,,1.0954652777104341
CD_Block,0.9,42,16,0.7700247879759724,1,,1.0951175829952302
CD_Block,0.9,42,17,0.7236575441573982,0,,1.11387562183857
CD_Block,0.9,123,1,3.0212659133607476,0,,1.002507920489932
CD_Block,0.9,123,2,3.2137767489276716,0,,0.9981263162790078
CD_Block,0.9,123,3,3.1666140177949744,0,,0.9852338190487446
CD_Block,0.9,123,4,3.1354832541290207,0,,0.9742536958172557
CD_Block,0.9,123,5,3.053444716942251,0,,0.9754893503423578
CD_Block,0.9,123,6,2.945274270388235,1,,0.9724389522445055
CD_Block,0.9,123,7,2.766890717501664,0,,0.9756674360926422
CD_Block,0.9,123,8,2.614161234809108,1,,0.9818562750771425
CD_Block,0.9,123,9,2.389392583049945,0,,1.0038898562506584
CD_Block,0.9,123,10,2.142033921532422,1,,1.0037566685220547
CD_Block,0.9,123,11,1.855125925256245,0,,1.0068856227337897
CD_Block,0.9,123,12,1.5947152927102322,1,,1.0033434594401522
CD_Block,0.9,123,13,1.345281058638843,0,,1.0197773611483376
CD_Block,0.9,123,14,1.1318227351008363,0,,1.0351878295738177
CD_Block,0.9,123,15,0.9765353693890927,0,,1.0407376262229058
CD_Block,0.9,123,16,0.8603600296874346,2,,1.0535325931902866
CD_Block,0.9,456,1,3.0084836556543757,0,,0.9774493299643329
CD_Block,0.9,456,2,3.2002140523189335,0,,0.9731651878733877
CD_Block,0.9,456,3,3.2232186912897216,0,,0.9630570485639023
CD_Block,0.9,456,4,3.138237522371966,0,,0.9668178732169955
CD_Block,0.9,456,5,3.0822455253174055,0,,0.987040903950556
CD_Block,0.9,456,6,2.9653639638008764,0,,0.9631500331783374
CD_Block,0.9,456,7,2.7997638979756023,1,,0.9576610856910697
CD_Block,0.9,456,8,2.652047248503462,0,,0.9690805267527278
CD_Block,0.9,456,9,2.418977505063631,1,,0.96327366286579
CD_Block,0.9,456,10,2.2044997794118095,0,,0.9640981359199903
CD_Block,0.9,456,11,1.9363142314834974,0,,0.9647921322036377
CD_Block,0.9,456,12,1.7070564509031192,0,,0.9646394568300986
CD_Block,0.9,456,13,1.490759869851914,1,,0.9753648364221498
CD_Block,0.9,456,14,1.2863049501798067,1,,0.9983014680217773
CD_Block,0.9,456,15,1.1172811881819769,0,,1.0063455094022382
CD_Block,0.9,456,16,0.9971493479621363,1,,1.0228516787638338
CD_Block,0.9,456,17,0.906701210719436,0,,1.0488098306284068
CD_Block,0.9,789,1,2.940648236559398,0,,1.1238537517610983
CD_Block,0.9,789,2,3.1398842456922007,0,,1.1191730504195818
CD_Block,0.9,789,3,3.1152117445694274,0,,1.119322628674192
CD_Block,0.9,789,4,3.0378750434562343,0,,1.1109251715582356
CD_Block,0.9,789,5,2.969406824088215,0,,1.1070737161245356
CD_Block,0.9,789,6,2.7686716132904903,1,,1.106204425365642
CD_Block,0.9,789,7,2.543525978819055,0,,1.1055812633635533
CD_Block,0.9,789,8,2.3223794133539695,1,,1.121415831774488
CD_Block,0.9,789,9,2.0984279925550395,0,,1.1285553961499648
CD_Block,0.9,789,10,1.81775331568433,1,,1.1230183472585844
CD_Block,0.9,789,11,1.5419314517310603,0,,1.1347586079325893
CD_Block,0.9,789,12,1.302768444100699,1,,1.1399779908587928
CD_Block,0.9,789,13,1.065760861641139,0,,1.16014606420767
CD_Block,0.9,789,14,0.8919894707736684,0,,1.1731822168008985
CD_Block,0.9,789,15,0.7935887451072138,1,,1.1706206149407734
CD_Block,0.9,789,16,0.7306569317680093,0,,1.1961914221375791
CD_Block,0.9,789,17,0.7073821834070766,0,,1.2017247456527083
CD_Block,0.9,1011,1,3.0148326094470805,0,,0.9056219076270992
CD_Block,0.9,1011,2,3.200327354165452,0,,0.8988495813141893
CD_Block,0.9,1011,3,3.227288445785864,0,,0.9010120124894947
CD_Block,0.9,1011,4,3.1291227302741054,0,,0.8889302636187842
CD_Block,0.9,1011,5,3.0341516009610685,0,,0.8921982860412676
CD_Block,0.9,1011,6,2.8747567665054503,1,,0.8935937809344273
CD_Block,0.9,1011,7,2.7019306351296346,0,,0.8897249178126898
CD_Block,0.9,1011,8,2.514540175280248,1,,0.9011861380928451
CD_Block,0.9,1011,9,2.264977664259536,0,,0.904859503274247
CD_Block,0.9,1011,10,2.0086227442876274,1,,0.9107221452709297
CD_Block,0.9,1011,11,1.7205181168086494,0,,0.9165690738018207
CD_Block,0.9,1011,12,1.454291338114003,0,,0.9288623462893019
CD_Block,0.9,1011,13,1.199897239160775,0,,0.929212070560163
CD_Block,0.9,1011,14,0.9981616944430833,1,,0.9409272895696682
