dataset,C,rho,gamma,mode,seed,test_mse,test_mae,best_epoch,batch_size,steps_per_epoch,total_steps
leader_follower_var1,21,0.5,0.0,CI,42,0.9626487092754227,0.7833000113151104,22,128,63,1386
leader_follower_var1,21,0.5,0.0,CI,123,1.0101802202758488,0.8005447695110912,31,128,63,1953
leader_follower_var1,21,0.5,0.0,CI,456,1.0542527868505978,0.8192154894041683,28,128,63,1764
leader_follower_var1,21,0.5,0.0,CI,789,1.0713302939113576,0.8288601241486935,27,128,63,1701
leader_follower_var1,21,0.5,0.0,CI,1011,1.0366861460875687,0.8117978589345072,20,128,63,1260
leader_follower_var1,21,0.5,0.0,CD,42,0.9642902722414413,0.7839346862178777,7,8,1005,7035
leader_follower_var1,21,0.5,0.0,CD,123,1.0104563971759695,0.800559666940309,7,8,1005,7035
leader_follower_var1,21,0.5,0.0,CD,456,1.058682407486799,0.8210610254975396,7,8,1005,7035
leader_follower_var1,21,0.5,0.0,CD,789,1.0682221073282792,0.827636783056868,7,8,1005,7035
leader_follower_var1,21,0.5,0.0,CD,1011,1.0418485570179852,0.813956023532927,7,8,1005,7035
leader_follower_var1,21,0.5,0.0,CD_Block,42,0.9645162081088928,0.7840131135848287,7,8,1005,7035
leader_follower_var1,21,0.5,0.0,CD_Block,123,1.0100287588476191,0.800392692745519,7,8,1005,7035
leader_follower_var1,21,0.5,0.0,CD_Block,456,1.0536818427179906,0.8191765891300974,7,8,1005,7035
leader_follower_var1,21,0.5,0.0,CD_Block,789,1.0678065790967002,0.8275226513659599,7,8,1005,7035
leader_follower_var1,21,0.5,0.0,CD_Block,1011,1.0404602280517137,0.8134278983708331,7,8,1005,7035
leader_follower_var1,21,0.5,0.3,CI,42,0.9418748293731538,0.774820160531629,19,128,63,1197
leader_follower_var1,21,0.5,0.3,CI,123,0.9998328511590514,0.7954275906038101,18,128,63,1134
leader_follower_var1,21,0.5,0.3,CI,456,1.073271685758324,0.8249316831112211,18,128,63,1134
leader_follower_var1,21,0.5,0.3,CI,789,1.0979355099535872,0.8380310238887405,17,128,63,1071
leader_follower_var1,21,0.5,0.3,CI,1011,1.0498427682477707,0.8179538293574414,17,128,63,1071
leader_follower_var1,21,0.5,0.3,CD,42,0.9445413465299218,0.7756405631262439,7,8,1005,7035
leader_follower_var1,21,0.5,0.3,CD,123,1.0025831343782194,0.7961638276822193,6,8,1005,6030
leader_follower_var1,21,0.5,0.3,CD,456,1.0823931980101755,0.8293029522174725,7,8,1005,7035
leader_follower_var1,21,0.5,0.3,CD,789,1.1073084374982696,0.8419757425555718,7,8,1005,7035
leader_follower_var1,21,0.5,0.3,CD,1011,1.0595158179436204,0.8224924419834284,4,8,1005,4020
leader_follower_var1,21,0.5,0.3,CD_Block,42,0.9449951437946664,0.7758856775447658,7,8,1005,7035
leader_follower_var1,21,0.5,0.3,CD_Block,123,0.9961039486323924,0.7934599391778033,6,8,1005,6030
leader_follower_var1,21,0.5,0.3,CD_Block,456,1.0805283598933506,0.8284203183695175,7,8,1005,7035
leader_follower_var1,21,0.5,0.3,CD_Block,789,1.105071010529262,0.8410940566878184,7,8,1005,7035
leader_follower_var1,21,0.5,0.3,CD_Block,1011,1.059293616829395,0.8224149660064881,4,8,1005,4020
leader_follower_var1,21,0.5,0.6,CI,42,0.9399721593180643,0.7742189498148119,19,128,63,1197
leader_follower_var1,21,0.5,0.6,CI,123,0.9895642281730755,0.7908092190271493,18,128,63,1134
leader_follower_var1,21,0.5,0.6,CI,456,1.0714981622220214,0.8243321329714244,18,128,63,1134
leader_follower_var1,21,0.5,0.6,CI,789,1.1006725330113165,0.838091142232575,17,128,63,1071
leader_follower_var1,21,0.5,0.6,CI,1011,1.047074848909996,0.8157255464041736,17,128,63,1071
leader_follower_var1,21,0.5,0.6,CD,42,0.9436428194286638,0.7754134467722341,7,8,1005,7035
leader_follower_var1,21,0.5,0.6,CD,123,0.9971780807412749,0.7937399574409625,6,8,1005,6030
leader_follower_var1,21,0.5,0.6,CD,456,1.0797169866862846,0.8281575553652746,7,8,1005,7035
leader_follower_var1,21,0.5,0.6,CD,789,1.1100805606244926,0.8420357438204149,7,8,1005,7035
leader_follower_var1,21,0.5,0.6,CD,1011,1.057893807515466,0.8206535250220929,4,8,1005,4020
leader_follower_var1,21,0.5,0.6,CD_Block,42,0.9442411987785471,0.7756383273304156,7,8,1005,7035
leader_follower_var1,21,0.5,0.6,CD_Block,123,0.9871668592343557,0.7894271458084946,6,8,1005,6030
leader_follower_var1,21,0.5,0.6,CD_Block,456,1.0801958937850713,0.8281488858457792,7,8,1005,7035
leader_follower_var1,21,0.5,0.6,CD_Block,789,1.1075516440220563,0.841058903980397,7,8,1005,7035
leader_follower_var1,21,0.5,0.6,CD_Block,1011,1.0575853991286546,0.8205258845733527,4,8,1005,4020
leader_follower_var1,21,0.5,0.9,CI,42,0.9405770628581118,0.7743357971522584,17,128,63,1071
leader_follower_var1,21,0.5,0.9,CI,123,0.9849994178773944,0.7888942361514832,18,128,63,1134
leader_follower_var1,21,0.5,0.9,CI,456,1.0684324847164173,0.8233699496363016,18,128,63,1134
leader_follower_var1,21,0.5,0.9,CI,789,1.1002553121824785,0.8376676337157993,17,128,63,1071
leader_follower_var1,21,0.5,0.9,CI,1011,1.0444956181771083,0.8139361570262362,17,128,63,1071
leader_follower_var1,21,0.5,0.9,CD,42,0.9446125512819089,0.7755786149403352,7,8,1005,7035
leader_follower_var1,21,0.5,0.9,CD,123,0.9949003523596963,0.7930634773998212,5,8,1005,5025
leader_follower_var1,21,0.5,0.9,CD,456,1.0767357886657125,0.8270573993537651,7,8,1005,7035
leader_follower_var1,21,0.5,0.9,CD,789,1.1089474273104745,0.8413296978042726,7,8,1005,7035
leader_follower_var1,21,0.5,0.9,CD,1011,1.055948243980207,0.8190981539845195,4,8,1005,4020
leader_follower_var1,21,0.5,0.9,CD_Block,42,0.945344053893693,0.7758554399439329,7,8,1005,7035
leader_follower_var1,21,0.5,0.9,CD_Block,123,0.9828979425003606,0.7876104602961967,6,8,1005,6030
leader_follower_var1,21,0.5,0.9,CD_Block,456,1.0769212085423734,0.8270051994656986,7,8,1005,7035
leader_follower_var1,21,0.5,0.9,CD_Block,789,1.10666407516808,0.8404920636062921,7,8,1005,7035
leader_follower_var1,21,0.5,0.9,CD_Block,1011,1.0556090957383415,0.8189443667468299,4,8,1005,4020
